GEO.id,GEO.id2,GEO.display-label,HD01_VD01,HD02_VD01,HD01_VD02,HD02_VD02,HD01_VD03,HD02_VD03,HD01_VD05,HD02_VD05,HD01_VD08,HD02_VD08
Id,Id2,Geography,Estimate; Total:,Margin of Error; Total:,Estimate; Total: - White alone,Margin of Error; Total: - White alone,Estimate; Total: - Black or African American alone,Margin of Error; Total: - Black or African American alone,Estimate; Total: - Asian alone,Margin of Error; Total: - Asian alone,Estimate; Total: - Two or more races:,Margin of Error; Total: - Two or more races:
9700000US4200824,4200824,"Central Valley School District, Pennsylvania",18110,130,17075,346,698,304,76,42,260,182
9700000US4202010,4202010,"Abington Heights School District, Pennsylvania",23415,457,22422,536,117,80,582,197,231,128
9700000US4202040,4202040,"Abington School District, Pennsylvania",57980,58,46360,875,7160,681,2894,498,1171,332
9700000US4202100,4202100,"Albert Gallatin Area School District, Pennsylvania",23531,449,22399,550,606,251,0,19,439,180
9700000US4202130,4202130,"Aliquippa School District, Pennsylvania",9415,34,5271,313,3791,317,48,57,298,138
9700000US4202190,4202190,"Allegheny Valley School District, Pennsylvania",9709,134,9427,177,61,31,80,72,115,92
9700000US4202280,4202280,"Allentown City School District, Pennsylvania",118285,34,76781,1928,14977,1191,2153,388,5170,920
9700000US4202310,4202310,"Allegheny-Clarion Valley School District, Pennsylvania",5649,281,5506,275,64,52,0,15,76,48
9700000US4202340,4202340,"Altoona Area School District, Pennsylvania",59601,183,56396,378,1676,248,571,144,779,204
9700000US4202400,4202400,"Wissahickon School District, Pennsylvania",36898,46,29996,679,2568,572,3062,498,1108,380
9700000US4202440,4202440,"Ambridge Area School District, Pennsylvania",23728,117,21167,375,1403,286,239,119,797,292
9700000US4202480,4202480,"Antietam School District, Pennsylvania",7608,26,6718,301,345,218,209,165,232,145
9700000US4202490,4202490,"Annville-Cleona School District, Pennsylvania",12358,242,11728,288,186,137,125,108,150,78
9700000US4202550,4202550,"Apollo-Ridge School District, Pennsylvania",9511,235,9349,240,118,77,15,15,29,24
9700000US4202590,4202590,"Armstrong School District, Pennsylvania",43110,368,42224,390,353,94,50,27,326,80
9700000US4202670,4202670,"Athens Area School District, Pennsylvania",14344,290,14060,306,113,80,15,17,122,56
9700000US4202700,4202700,"Austin Area School District, Pennsylvania",1116,87,1091,86,0,10,0,10,2,3
9700000US4202760,4202760,"Avella Area School District, Pennsylvania",4175,172,4081,178,15,10,12,13,64,44
9700000US4202790,4202790,"Avon Grove School District, Pennsylvania",31054,384,28584,632,915,307,425,272,592,234
9700000US4202820,4202820,"Avonworth School District, Pennsylvania",10478,217,9864,249,235,86,126,80,208,117
9700000US4202850,4202850,"Pine-Richland School District, Pennsylvania",22949,21,21763,318,268,187,682,218,153,117
9700000US4202910,4202910,"Bald Eagle Area School District, Pennsylvania",13508,365,13376,358,25,24,24,20,55,36
9700000US4202970,4202970,"Baldwin-Whitehall School District, Pennsylvania",35746,96,32132,592,1453,445,1740,611,331,151
9700000US4203000,4203000,"Bangor Area School District, Pennsylvania",23011,351,22562,346,129,106,94,64,90,64
9700000US4203120,4203120,"Beaver Area School District, Pennsylvania",14869,137,14349,190,240,99,61,73,163,80
9700000US4203180,4203180,"Bedford Area School District, Pennsylvania",16627,298,16215,326,158,73,69,58,124,58
9700000US4203210,4203210,"Belle Vernon Area School District, Pennsylvania",18677,291,17387,470,473,185,549,310,235,109
9700000US4203240,4203240,"Bellefonte Area School District, Pennsylvania",25893,236,23893,400,1502,314,138,102,218,141
9700000US4203300,4203300,"Bellwood-Antis School District, Pennsylvania",8429,137,8220,203,123,98,75,63,11,13
9700000US4203330,4203330,"Bensalem Township School District, Pennsylvania",60429,72,46857,1015,4298,598,7147,767,1289,394
9700000US4203360,4203360,"Bentworth School District, Pennsylvania",8269,242,7963,261,69,50,78,67,150,64
9700000US4203390,4203390,"Benton Area School District, Pennsylvania",4960,234,4821,211,96,103,16,14,15,20
9700000US4203420,4203420,"Berlin Brothersvalley School District, Pennsylvania",5447,226,5373,226,8,12,6,10,55,42
9700000US4203450,4203450,"Bermudian Springs School District, Pennsylvania",13009,277,12066,386,64,47,33,31,145,70
9700000US4203480,4203480,"Berwick Area School District, Pennsylvania",22579,301,21903,351,134,99,276,166,179,76
9700000US4203510,4203510,"Bethel Park School District, Pennsylvania",32994,198,31469,476,531,288,450,207,371,191
9700000US4203570,4203570,"Bethlehem Area School District, Pennsylvania",117062,51,94656,1464,7529,853,4078,522,3605,488
9700000US4203600,4203600,"Bethlehem-Center School District, Pennsylvania",8723,294,8416,305,171,119,8,9,125,61
9700000US4203630,4203630,"Big Beaver Falls Area School District, Pennsylvania",13608,219,11561,387,1372,312,61,37,526,180
9700000US4203660,4203660,"Big Spring School District, Pennsylvania",20916,299,20052,316,102,59,240,160,464,214
9700000US4203688,4203688,"Blackhawk School District, Pennsylvania",17971,242,17571,281,130,82,75,43,191,95
9700000US4203690,4203690,"Blacklick Valley School District, Pennsylvania",5389,215,5374,216,3,5,12,21,0,15
9700000US4203750,4203750,"Blairsville-Saltsburg School District, Pennsylvania",14103,303,13537,384,193,107,114,108,190,90
9700000US4203840,4203840,"Bloomsburg Area School District, Pennsylvania",20514,324,18992,425,910,198,254,134,251,138
9700000US4203870,4203870,"Blue Mountain School District, Pennsylvania",20589,367,19936,349,109,67,342,130,185,92
9700000US4203900,4203900,"Blue Ridge School District, Pennsylvania",8026,414,7904,413,67,54,5,6,40,26
9700000US4203960,4203960,"Boyertown Area School District, Pennsylvania",46903,269,44921,537,728,338,391,174,609,182
9700000US4204020,4204020,"Bradford Area School District, Pennsylvania",21076,317,19507,262,982,163,127,45,205,88
9700000US4204050,4204050,"Brandywine Heights Area School District, Pennsylvania",13104,325,12897,296,98,74,9,9,42,48
9700000US4204080,4204080,"Brownsville Area School District, Pennsylvania",15243,284,12156,405,2226,252,5,9,753,196
9700000US4204090,4204090,"Bryn Athyn School District, Pennsylvania",1377,116,1303,116,7,14,35,26,25,22
9700000US4204140,4204140,"Brentwood Borough School District, Pennsylvania",9638,27,8861,340,314,203,200,198,257,159
9700000US4204200,4204200,"Bristol Borough School District, Pennsylvania",9699,26,8066,462,980,457,23,36,332,199
9700000US4204230,4204230,"Bristol Township School District, Pennsylvania",54558,47,45046,1001,6075,748,1346,470,1295,401
9700000US4204260,4204260,"Brockway Area School District, Pennsylvania",7427,235,7305,251,33,35,3,4,76,37
9700000US4204320,4204320,"Brookville Area School District, Pennsylvania",11913,289,11759,292,25,22,25,19,71,36
9700000US4204500,4204500,"Burgettstown Area School District, Pennsylvania",9873,187,9764,215,27,21,2,3,75,57
9700000US4204530,4204530,"Burrell School District, Pennsylvania",13954,126,13665,180,76,80,101,102,101,93
9700000US4204590,4204590,"Butler Area School District, Pennsylvania",54623,198,52307,392,1076,206,433,245,472,107
9700000US4204710,4204710,"California Area School District, Pennsylvania",11087,221,9991,340,539,177,192,119,358,132
9700000US4204740,4204740,"Cambria Heights School District, Pennsylvania",9675,256,9555,260,45,40,15,16,35,17
9700000US4204830,4204830,"Cameron County School District, Pennsylvania",5000,*****,4907,8,38,28,8,7,43,22
9700000US4204860,4204860,"Camp Hill School District, Pennsylvania",7888,26,7208,204,193,122,375,120,111,79
9700000US4204890,4204890,"Canon-McMillan School District, Pennsylvania",34023,69,31699,401,982,276,474,182,769,242
9700000US4204920,4204920,"Canton Area School District, Pennsylvania",6662,377,6630,375,9,11,4,6,19,16
9700000US4204980,4204980,"Carbondale Area School District, Pennsylvania",10920,202,10550,281,109,134,39,58,34,31
9700000US4205010,4205010,"Carlisle Area School District, Pennsylvania",37064,219,32744,545,2083,360,878,278,1074,294
9700000US4205040,4205040,"Carlynton School District, Pennsylvania",14415,54,12915,387,928,304,42,48,450,228
9700000US4205070,4205070,"Carmichaels Area School District, Pennsylvania",6925,88,6734,159,37,47,20,30,122,93
9700000US4205160,4205160,"Catasauqua Area School District, Pennsylvania",10898,119,9888,346,423,277,115,94,158,88
9700000US4205190,4205190,"Centennial School District, Pennsylvania",48962,223,44824,955,779,248,1171,444,363,162
9700000US4205310,4205310,"Central Bucks School District, Pennsylvania",114689,89,106399,763,1919,406,4396,533,1510,337
9700000US4205340,4205340,"Central Cambria School District, Pennsylvania",13722,30,13417,137,218,119,44,55,18,16
9700000US4205370,4205370,"Central Columbia School District, Pennsylvania",15201,381,14737,393,126,126,187,129,105,68
9700000US4205400,4205400,"Central Dauphin School District, Pennsylvania",90928,190,70571,1159,11481,830,3438,530,3112,571
9700000US4205430,4205430,"Central Greene School District, Pennsylvania",15869,244,13586,374,1744,243,68,82,255,90
9700000US4205460,4205460,"Crestwood School District, Pennsylvania",20150,265,19584,322,95,66,286,140,121,69
9700000US4205490,4205490,"Central York School District, Pennsylvania",37272,463,31102,741,3448,515,1141,307,1168,274
9700000US4205550,4205550,"Chambersburg Area School District, Pennsylvania",67059,285,60931,650,2962,477,831,262,1004,291
9700000US4205640,4205640,"Charleroi School District, Pennsylvania",11972,157,11319,246,432,163,27,26,154,80
9700000US4205700,4205700,"Chartiers Valley School District, Pennsylvania",30705,93,27053,605,922,421,2072,478,407,144
9700000US4205730,4205730,"Chartiers-Houston School District, Pennsylvania",9173,89,8643,251,339,196,0,15,77,72
9700000US4205760,4205760,"Cheltenham Township School District, Pennsylvania",36849,84,20627,779,11757,754,2989,527,1174,263
9700000US4205860,4205860,"Chester-Upland School District, Pennsylvania",41299,47,8531,645,30293,635,100,65,931,323
9700000US4205880,4205880,"Chestnut Ridge School District, Pennsylvania",10938,400,10742,381,81,66,6,9,68,40
9700000US4205910,4205910,"Chichester School District, Pennsylvania",24649,248,19999,635,3607,633,456,226,448,164
9700000US4206030,4206030,"Clairton City School District, Pennsylvania",6798,33,4023,303,2371,299,11,16,334,222
9700000US4206060,4206060,"Clarion Area School District, Pennsylvania",8687,239,8078,257,241,64,191,55,136,46
9700000US4206090,4206090,"Clarion-Limestone Area School District, Pennsylvania",7924,263,7709,264,111,62,8,9,38,24
9700000US4206120,4206120,"Claysburg-Kimmel School District, Pennsylvania",5764,136,5667,150,36,34,0,15,26,24
9700000US4206150,4206150,"Clearfield Area School District, Pennsylvania",19167,163,18611,219,231,117,146,87,132,59
9700000US4206240,4206240,"Coatesville Area School District, Pennsylvania",63464,186,47333,1044,12582,952,948,289,1975,529
9700000US4206270,4206270,"Cocalico School District, Pennsylvania",23165,238,22269,476,170,167,137,83,148,101
9700000US4206360,4206360,"Columbia Borough School District, Pennsylvania",10390,21,9313,306,401,150,74,109,323,176
9700000US4206390,4206390,"Commodore Perry School District, Pennsylvania",4093,184,4057,185,1,4,9,10,21,23
9700000US4206420,4206420,"Conemaugh Township Area School District, Pennsylvania",8227,238,8112,251,48,80,0,15,67,47
9700000US4206430,4206430,"Conemaugh Valley School District, Pennsylvania",6555,197,6265,226,160,97,0,15,102,75
9700000US4206480,4206480,"Conestoga Valley School District, Pennsylvania",33212,36,29189,829,1439,429,1164,513,798,294
9700000US4206550,4206550,"Conewago Valley School District, Pennsylvania",27190,551,25325,601,297,153,190,121,507,188
9700000US4206590,4206590,"Conneaut School District, Pennsylvania",18048,401,17688,397,83,62,55,34,190,88
9700000US4206660,4206660,"Connellsville Area School District, Pennsylvania",34257,370,33644,406,242,112,71,84,213,120
9700000US4206780,4206780,"Conrad Weiser Area School District, Pennsylvania",19362,354,17430,611,781,349,435,187,250,175
9700000US4206810,4206810,"Cornell School District, Pennsylvania",6757,82,5483,375,730,272,27,31,470,215
9700000US4206840,4206840,"Cornwall-Lebanon School District, Pennsylvania",34846,175,31675,568,729,253,576,225,663,338
9700000US4206860,4206860,"Corry Area School District, Pennsylvania",14587,325,13982,375,80,74,82,58,373,166
9700000US4206930,4206930,"Coudersport Area School District, Pennsylvania",5726,239,5571,240,39,23,34,18,56,28
9700000US4206960,4206960,"Council Rock School District, Pennsylvania",72604,160,67315,715,450,228,3623,634,1020,346
9700000US4207050,4207050,"Cranberry Area School District, Pennsylvania",9283,188,9099,188,2,4,11,16,160,83
9700000US4207080,4207080,"Crawford Central School District, Pennsylvania",30605,284,28733,339,949,184,234,76,633,133
9700000US4207110,4207110,"Cumberland Valley School District, Pennsylvania",55573,186,50967,629,695,264,2540,330,759,256
9700000US4207140,4207140,"Curwensville Area School District, Pennsylvania",7295,266,7232,258,16,21,0,15,8,12
9700000US4207200,4207200,"Dallas School District, Pennsylvania",20574,127,19968,222,87,67,186,97,252,160
9700000US4207230,4207230,"Dallastown Area School District, Pennsylvania",41050,332,37996,598,1214,291,744,327,663,219
9700000US4207290,4207290,"Daniel Boone Area School District, Pennsylvania",21278,25,19746,449,770,311,179,130,401,167
9700000US4207320,4207320,"Danville Area School District, Pennsylvania",18935,249,17960,276,286,56,445,60,139,74
9700000US4207530,4207530,"Delaware Valley School District, Pennsylvania",29016,156,27154,410,462,199,112,112,737,235
9700000US4207540,4207540,"Deer Lakes School District, Pennsylvania",14290,126,13889,204,164,133,47,46,132,75
9700000US4207560,4207560,"Derry Area School District, Pennsylvania",17724,119,17221,174,218,105,21,18,213,112
9700000US4207590,4207590,"Derry Township School District, Pennsylvania",24709,24,21179,699,841,536,1614,316,482,186
9700000US4207650,4207650,"Donegal School District, Pennsylvania",21118,496,19496,650,628,372,242,189,541,253
9700000US4207680,4207680,"Dover Area School District, Pennsylvania",25745,292,23728,604,811,335,151,138,902,402
9700000US4207710,4207710,"Downingtown Area School District, Pennsylvania",69237,37,60730,811,2386,453,4724,631,980,323
9700000US4207830,4207830,"DuBois Area School District, Pennsylvania",30854,319,30215,333,86,96,175,99,291,120
9700000US4207980,4207980,"Dunmore School District, Pennsylvania",14031,42,13401,271,122,75,364,211,102,77
9700000US4208010,4208010,"Duquesne City School District, Pennsylvania",5581,20,1976,266,3025,310,18,21,553,248
9700000US4208060,4208060,"East Allegheny School District, Pennsylvania",15002,372,12179,499,2423,435,75,69,299,128
9700000US4208280,4208280,"Forest Area School District, Pennsylvania",8127,78,6310,508,1466,524,26,19,122,97
9700000US4208460,4208460,"Eastern Lebanon County School District, Pennsylvania",21020,230,20110,484,111,79,87,90,294,199
9700000US4208490,4208490,"East Lycoming School District, Pennsylvania",10156,310,10017,315,61,55,17,18,16,12
9700000US4208550,4208550,"East Penn School District, Pennsylvania",54892,222,49841,566,1211,333,2170,335,1166,305
9700000US4208580,4208580,"East Pennsboro Area School District, Pennsylvania",20325,183,17872,583,379,183,1316,413,532,236
9700000US4208670,4208670,"East Stroudsburg Area School District, Pennsylvania",47734,162,36007,1079,7611,907,1064,326,1740,436
9700000US4208790,4208790,"Eastern York School District, Pennsylvania",19925,322,19018,383,284,148,60,55,467,202
9700000US4208820,4208820,"Eastern Lancaster County School District, Pennsylvania",32441,223,30586,769,742,408,790,482,120,73
9700000US4208850,4208850,"Easton Area School District, Pennsylvania",64049,281,49621,1087,6794,755,2297,539,2885,553
9700000US4209090,4209090,"Elizabeth Forward School District, Pennsylvania",18012,89,17561,208,235,145,19,24,131,102
9700000US4209120,4209120,"Elizabethtown Area School District, Pennsylvania",30283,491,29046,537,367,159,217,90,308,139
9700000US4209150,4209150,"Elk Lake School District, Pennsylvania",7911,358,7757,353,23,20,8,8,89,37
9700000US4209240,4209240,"Ellwood City Area School District, Pennsylvania",14009,272,13513,310,85,73,74,51,295,125
9700000US4209270,4209270,"Ephrata Area School District, Pennsylvania",33448,30,31417,548,267,237,621,256,353,173
9700000US4209300,4209300,"Erie City School District, Pennsylvania",101333,49,77369,911,15874,870,2067,307,3810,553
9700000US4209360,4209360,"Everett Area School District, Pennsylvania",9464,375,9264,382,21,22,54,53,108,70
9700000US4209480,4209480,"Exeter Township School District, Pennsylvania",27377,80,24836,615,1241,404,530,231,518,275
9700000US4209540,4209540,"Fairfield Area School District, Pennsylvania",7904,207,7679,225,53,43,34,31,43,32
9700000US4209570,4209570,"Fairview School District, Pennsylvania",10157,36,9889,128,110,69,6,13,131,99
9700000US4209600,4209600,"Karns City Area School District, Pennsylvania",10713,410,10435,413,98,53,8,12,89,63
9700000US4209660,4209660,"Fannett-Metal School District, Pennsylvania",4552,210,4497,213,28,27,3,5,24,28
9700000US4209690,4209690,"Farrell Area School District, Pennsylvania",5685,164,2579,248,2776,245,90,96,229,113
9700000US4209750,4209750,"Ferndale Area School District, Pennsylvania",5162,328,4863,311,165,76,20,21,108,61
9700000US4209780,4209780,"Fleetwood Area School District, Pennsylvania",16685,26,16151,222,103,64,115,96,131,111
9700000US4209870,4209870,"Forbes Road School District, Pennsylvania",2923,195,2882,196,2,6,2,6,8,7
9700000US4209930,4209930,"Forest City Regional School District, Pennsylvania",5834,387,5730,389,5,7,40,30,40,25
9700000US4209940,4209940,"Forest Hills School District, Pennsylvania",12562,198,12408,285,0,16,0,16,19,15
9700000US4209960,4209960,"Fort Cherry School District, Pennsylvania",8598,274,8429,275,44,28,28,30,68,42
9700000US4209990,4209990,"Fort LeBoeuf School District, Pennsylvania",14282,359,13862,419,185,118,11,9,170,127
9700000US4210070,4210070,"Fox Chapel Area School District, Pennsylvania",28829,155,25701,541,696,330,1342,280,815,249
9700000US4210110,4210110,"North Schuylkill School District, Pennsylvania",16661,322,15546,364,776,105,56,32,114,60
9700000US4210115,4210115,"North Star School District, Pennsylvania",9125,296,9013,306,21,29,0,15,65,60
9700000US4210200,4210200,"Franklin Area School District, Pennsylvania",16481,237,15810,253,258,88,60,41,329,122
9700000US4210230,4210230,"Franklin Regional School District, Pennsylvania",23259,219,22041,379,81,57,886,296,216,136
9700000US4210350,4210350,"Frazier School District, Pennsylvania",8312,362,8065,381,91,65,0,15,156,79
9700000US4210380,4210380,"Freedom Area School District, Pennsylvania",11071,194,10604,240,237,129,82,57,137,91
9700000US4210440,4210440,"Freeport Area School District, Pennsylvania",11664,170,11576,182,22,31,0,16,55,57
9700000US4210530,4210530,"Galeton Area School District, Pennsylvania",2960,185,2885,181,5,7,16,14,36,25
9700000US4210590,4210590,"Garnet Valley School District, Pennsylvania",28662,38,25108,490,1642,399,1339,264,524,268
9700000US4210620,4210620,"Gateway School District, Pennsylvania",31656,30,25012,552,4036,515,1575,456,840,241
9700000US4210650,4210650,"General McLane School District, Pennsylvania",17431,214,16870,259,209,84,181,118,111,63
9700000US4210710,4210710,"Gettysburg Area School District, Pennsylvania",27587,290,24599,488,948,167,420,144,756,238
9700000US4210740,4210740,"Girard School District, Pennsylvania",11183,33,11010,103,39,56,0,16,99,80
9700000US4210830,4210830,"Glendale School District, Pennsylvania",5643,270,5590,271,22,24,2,4,21,23
9700000US4210860,4210860,"Governor Mifflin School District, Pennsylvania",30951,39,27205,630,662,273,633,275,759,274
9700000US4210870,4210870,"Great Valley School District, Pennsylvania",29975,45,25796,608,1175,326,2121,327,429,163
9700000US4210920,4210920,"Greensburg Salem School District, Pennsylvania",26047,303,24316,455,699,173,230,174,753,241
9700000US4210950,4210950,"Greater Johnstown School District, Pennsylvania",27440,218,22963,432,2708,343,161,85,1479,296
9700000US4210980,4210980,"Greater Latrobe School District, Pennsylvania",31156,87,30426,212,277,122,124,75,244,137
9700000US4211010,4211010,"Greencastle-Antrim School District, Pennsylvania",19031,29,18177,303,504,262,113,66,190,117
9700000US4211160,4211160,"Greenville Area School District, Pennsylvania",10697,173,10137,288,319,190,45,32,69,48
9700000US4211190,4211190,"Greenwood School District, Pennsylvania",5290,224,5158,222,24,17,10,11,65,49
9700000US4211220,4211220,"Grove City Area School District, Pennsylvania",17489,223,16472,398,499,248,257,158,244,113
9700000US4211310,4211310,"Halifax Area School District, Pennsylvania",7916,281,7752,281,41,52,43,31,66,44
9700000US4211340,4211340,"Hamburg Area School District, Pennsylvania",17523,335,16731,560,412,427,70,41,61,35
9700000US4211400,4211400,"Hampton Township School District, Pennsylvania",18386,32,17614,307,71,58,571,302,50,41
9700000US4211420,4211420,"Hanover Area School District, Pennsylvania",15401,95,14932,181,249,120,42,31,139,81
9700000US4211450,4211450,"Hanover Public School District, Pennsylvania",15332,25,14036,502,166,120,174,123,385,231
9700000US4211490,4211490,"Harbor Creek School District, Pennsylvania",17250,39,16426,271,406,219,199,88,158,81
9700000US4211520,4211520,"Harmony Area School District, Pennsylvania",2301,159,2264,160,0,10,11,18,24,29
9700000US4211580,4211580,"Harrisburg City School District, Pennsylvania",49395,62,17250,1008,24724,970,1662,370,2607,576
9700000US4211610,4211610,"Hatboro-Horsham School District, Pennsylvania",33634,62,30053,643,1012,381,1942,367,439,186
9700000US4211670,4211670,"Haverford Township School District, Pennsylvania",48598,37,44311,521,1268,313,2060,369,725,232
9700000US4211700,4211700,"Hazleton Area School District, Pennsylvania",73310,536,64037,1072,1990,581,516,228,1320,351
9700000US4211730,4211730,"Saucon Valley School District, Pennsylvania",16670,24,16353,186,41,35,134,102,26,24
9700000US4211760,4211760,"Hempfield Area School District, Pennsylvania",50928,524,48776,609,995,326,339,168,522,202
9700000US4211790,4211790,"Hempfield School District, Pennsylvania",47249,29,42992,667,1069,374,1435,346,824,318
9700000US4211820,4211820,"Hermitage School District, Pennsylvania",16262,23,15344,268,569,232,83,64,206,88
9700000US4211880,4211880,"Highlands School District, Pennsylvania",20669,144,18981,498,1083,383,101,70,465,255
9700000US4211940,4211940,"Hollidaysburg Area School District, Pennsylvania",27075,218,26386,302,141,106,237,121,301,132
9700000US4212030,4212030,"Hopewell Area School District, Pennsylvania",18064,141,17439,226,365,145,13,13,179,69
9700000US4212090,4212090,"Huntingdon Area School District, Pennsylvania",20424,263,17571,291,2224,159,127,51,376,115
9700000US4212150,4212150,"Indiana Area School District, Pennsylvania",32991,92,29532,273,1925,160,810,151,411,116
9700000US4212170,4212170,"Interboro School District, Pennsylvania",23605,24,21464,515,916,263,432,199,712,335
9700000US4212210,4212210,"Iroquois School District, Pennsylvania",7278,39,6927,220,105,127,85,104,133,99
9700000US4212300,4212300,"Jamestown Area School District, Pennsylvania",4502,314,4448,308,0,10,0,10,51,35
9700000US4212330,4212330,"Jeannette City School District, Pennsylvania",9530,53,8424,273,516,195,46,42,484,262
9700000US4212390,4212390,"Jefferson-Morgan School District, Pennsylvania",6084,213,5788,243,213,181,42,54,41,29
9700000US4212420,4212420,"Jenkintown School District, Pennsylvania",4426,33,4109,150,154,113,17,28,90,73
9700000US4212480,4212480,"Jersey Shore Area School District, Pennsylvania",18674,544,18435,545,58,35,30,21,111,64
9700000US4212540,4212540,"Jim Thorpe Area School District, Pennsylvania",15796,263,14689,375,364,188,195,122,235,124
9700000US4212570,4212570,"Johnsonburg Area School District, Pennsylvania",4708,230,4671,230,10,15,22,32,0,10
9700000US4212600,4212600,"Juniata County School District, Pennsylvania",24081,113,23442,132,206,59,93,23,174,47
9700000US4212630,4212630,"Juniata Valley School District, Pennsylvania",5349,266,5297,263,4,8,24,18,16,14
9700000US4212660,4212660,"Kane Area School District, Pennsylvania",7377,222,7160,251,1,2,32,32,146,142
9700000US4212690,4212690,"Kennett Consolidated School District, Pennsylvania",27277,282,25027,624,762,286,371,166,591,275
9700000US4212720,4212720,"Keystone School District, Pennsylvania",7508,289,7433,281,31,36,9,11,35,21
9700000US4212725,4212725,"Keystone Central School District, Pennsylvania",37114,441,35762,424,548,109,138,67,569,117
9700000US4212750,4212750,"Keystone Oaks School District, Pennsylvania",20676,202,19268,449,281,112,769,403,313,169
9700000US4212840,4212840,"Kiski Area School District, Pennsylvania",28841,324,27816,456,733,243,41,42,197,101
9700000US4212930,4212930,"Kutztown Area School District, Pennsylvania",18719,220,17246,415,634,159,148,86,274,153
9700000US4212990,4212990,"Lackawanna Trail School District, Pennsylvania",8741,419,8533,423,84,37,25,21,66,35
9700000US4213020,4213020,"Lake-Lehman School District, Pennsylvania",16973,244,15346,307,1162,124,70,51,184,72
9700000US4213050,4213050,"Lakeland School District, Pennsylvania",12437,325,12177,337,51,34,56,50,150,104
9700000US4213080,4213080,"Lakeview School District, Pennsylvania",8459,262,8341,257,28,22,4,6,79,38
9700000US4213110,4213110,"Lampeter-Strasburg School District, Pennsylvania",22941,158,21981,396,284,231,246,189,380,242
9700000US4213140,4213140,"Lancaster School District, Pennsylvania",75291,175,49758,1279,10817,937,2262,474,3428,719
9700000US4213290,4213290,"Homer-Center School District, Pennsylvania",6447,116,6419,117,3,5,0,15,0,15
9700000US4213320,4213320,"Laurel Highlands School District, Pennsylvania",23389,33,22225,310,539,208,70,109,448,190
9700000US4213380,4213380,"Laurel School District, Pennsylvania",8031,258,7984,245,0,15,0,15,47,45
9700000US4213440,4213440,"Lebanon School District, Pennsylvania",26416,147,18225,763,1036,287,160,113,1619,437
9700000US4213470,4213470,"Leechburg Area School District, Pennsylvania",5982,289,5822,292,28,29,40,40,76,35
9700000US4213500,4213500,"Lehighton Area School District, Pennsylvania",17935,198,17392,308,238,194,28,32,233,152
9700000US4213590,4213590,"Lewisburg Area School District, Pennsylvania",19005,141,16369,423,1205,260,453,102,473,188
9700000US4213710,4213710,"Ligonier Valley School District, Pennsylvania",15651,411,15420,419,31,27,4,6,33,21
9700000US4213770,4213770,"Penn Cambria School District, Pennsylvania",17103,337,15312,426,1406,203,58,55,201,63
9700000US4213980,4213980,"Littlestown Area School District, Pennsylvania",15000,502,14691,540,69,51,49,33,112,62
9700000US4214100,4214100,"Lower Dauphin School District, Pennsylvania",24888,29,23483,549,378,249,372,258,469,348
9700000US4214160,4214160,"Lower Merion School District, Pennsylvania",62298,47,53137,694,3400,506,3967,493,1552,334
9700000US4214190,4214190,"Lower Moreland Township School District, Pennsylvania",13055,39,11504,361,132,117,1300,338,119,87
9700000US4214250,4214250,"Methacton School District, Pennsylvania",35371,72,28586,704,2053,511,4080,521,511,245
9700000US4214310,4214310,"Loyalsock Township School District, Pennsylvania",11109,26,10372,289,236,167,316,187,108,90
9700000US4214430,4214430,"Mahanoy Area School District, Pennsylvania",11556,271,9089,397,2057,245,40,28,283,91
9700000US4214460,4214460,"Line Mountain School District, Pennsylvania",8685,306,8553,297,29,29,34,29,19,11
9700000US4214550,4214550,"Manheim Central School District, Pennsylvania",24456,32,23338,379,229,173,257,247,417,186
9700000US4214580,4214580,"Manheim Township School District, Pennsylvania",38450,62,34436,551,819,258,1596,351,694,251
9700000US4214730,4214730,"Marion Center Area School District, Pennsylvania",10365,327,10276,319,14,17,3,5,46,21
9700000US4214760,4214760,"Marple Newtown School District, Pennsylvania",35725,52,32650,556,733,280,2084,501,205,106
9700000US4214790,4214790,"Mars Area School District, Pennsylvania",19314,286,18682,369,63,45,388,194,145,102
9700000US4214850,4214850,"Central Fulton School District, Pennsylvania",6433,235,6210,231,160,48,12,12,43,34
9700000US4214880,4214880,"McGuffey School District, Pennsylvania",12916,310,12726,307,29,18,16,12,92,44
9700000US4214940,4214940,"McKeesport Area School District, Pennsylvania",31242,231,23650,531,6229,539,142,139,1080,249
9700000US4215030,4215030,"Mechanicsburg Area School District, Pennsylvania",28806,137,26025,552,1061,390,667,292,750,253
9700000US4215120,4215120,"Mercer Area School District, Pennsylvania",10624,310,9669,343,727,148,28,27,120,46
9700000US4215150,4215150,"Meyersdale Area School District, Pennsylvania",7238,272,7184,268,16,19,6,9,27,21
9700000US4215170,4215170,"Mid Valley School District, Pennsylvania",15311,21,14775,259,273,235,110,101,87,47
9700000US4215210,4215210,"Midd-West School District, Pennsylvania",16913,500,16688,495,94,70,8,11,92,60
9700000US4215240,4215240,"Middletown Area School District, Pennsylvania",18283,189,15317,492,1553,451,526,250,630,306
9700000US4215270,4215270,"Midland Borough School District, Pennsylvania",2619,20,1886,202,445,123,66,95,128,78
9700000US4215290,4215290,"Mifflin County School District, Pennsylvania",43549,124,42536,131,282,68,169,27,432,77
9700000US4215330,4215330,"Millcreek Township School District, Pennsylvania",53780,53,50193,494,1363,405,794,253,1028,284
9700000US4215360,4215360,"Millersburg Area School District, Pennsylvania",6696,34,6561,84,67,48,20,32,13,19
9700000US4215450,4215450,"Millville Area School District, Pennsylvania",5472,227,5454,224,0,15,3,7,2,3
9700000US4215480,4215480,"Milton Area School District, Pennsylvania",16800,245,16397,292,139,131,78,92,95,79
9700000US4215510,4215510,"Minersville Area School District, Pennsylvania",8803,241,8619,254,16,24,9,14,103,67
9700000US4215540,4215540,"Mohawk Area School District, Pennsylvania",10739,262,10613,282,10,9,1,4,56,45
9700000US4215600,4215600,"Monessen City School District, Pennsylvania",7682,22,6139,327,1190,255,22,38,295,179
9700000US4215660,4215660,"Montgomery Area School District, Pennsylvania",7628,245,7025,253,373,93,26,30,159,64
9700000US4215720,4215720,"Montour School District, Pennsylvania",25684,79,23546,578,795,332,785,396,391,179
9700000US4215750,4215750,"Montoursville Area School District, Pennsylvania",13261,222,12840,241,129,87,56,46,172,102
9700000US4215810,4215810,"Montrose Area School District, Pennsylvania",11868,356,11645,348,61,28,18,13,103,59
9700000US4215830,4215830,"Moon Area School District, Pennsylvania",27243,33,24750,419,1263,389,743,177,384,144
9700000US4215900,4215900,"Morrisville Borough School District, Pennsylvania",8731,23,5865,473,1813,472,81,108,663,347
9700000US4215960,4215960,"Moshannon Valley School District, Pennsylvania",8893,274,7413,332,1180,156,48,32,126,61
9700000US4215990,4215990,"Mount Carmel Area School District, Pennsylvania",12544,139,12379,165,44,55,42,59,53,52
9700000US4216020,4216020,"Mount Union Area School District, Pennsylvania",9978,457,9584,465,214,112,47,40,128,60
9700000US4216050,4216050,"Mountain View School District, Pennsylvania",8561,418,8361,402,78,54,30,22,51,25
9700000US4216110,4216110,"Mt. Lebanon School District, Pennsylvania",33072,43,30540,494,428,258,1256,294,760,368
9700000US4216170,4216170,"Mount Pleasant Area School District, Pennsylvania",17836,284,17493,291,61,51,105,86,130,131
9700000US4216200,4216200,"Muhlenberg School District, Pennsylvania",23615,35,20999,603,545,182,418,210,726,400
9700000US4216230,4216230,"Muncy School District, Pennsylvania",7145,306,6852,317,65,66,11,18,127,75
9700000US4216290,4216290,"Greater Nanticoke Area School District, Pennsylvania",18918,300,17721,355,768,172,139,111,202,84
9700000US4216380,4216380,"Nazareth Area School District, Pennsylvania",27958,156,26570,553,542,418,478,263,245,128
9700000US4216410,4216410,"Neshaminy School District, Pennsylvania",70814,332,64410,739,3165,606,2078,483,703,242
9700000US4216440,4216440,"Neshannock Township School District, Pennsylvania",9550,27,9165,224,122,100,86,74,155,134
9700000US4216500,4216500,"Woodland Hills School District, Pennsylvania",47159,505,32687,814,12747,796,625,278,872,229
9700000US4216530,4216530,"New Brighton Area School District, Pennsylvania",10851,170,9819,345,552,249,18,27,418,157
9700000US4216620,4216620,"New Castle Area School District, Pennsylvania",24193,203,20024,382,3022,318,97,82,782,260
9700000US4216740,4216740,"New Kensington-Arnold School District, Pennsylvania",18174,29,14021,490,2763,476,109,115,1113,272
9700000US4216860,4216860,"New Hope-Solebury School District, Pennsylvania",11202,21,10627,240,33,30,430,220,65,64
9700000US4216890,4216890,"Newport School District, Pennsylvania",7465,274,7241,263,81,51,34,33,89,53
9700000US4216980,4216980,"Norristown Area School District, Pennsylvania",63870,33,44217,1126,14344,1000,2717,632,1383,328
9700000US4217010,4217010,"North Allegheny School District, Pennsylvania",50687,63,46005,550,866,327,3104,433,346,178
9700000US4217100,4217100,"Moniteau School District, Pennsylvania",9475,232,9322,241,20,14,6,9,112,48
9700000US4217130,4217130,"North Clarion County School District, Pennsylvania",4843,307,4800,303,25,29,0,10,18,22
9700000US4217160,4217160,"North East School District, Pennsylvania",10644,45,10369,126,115,73,34,28,104,77
9700000US4217220,4217220,"North Hills School District, Pennsylvania",37888,26,35782,474,756,273,778,282,397,160
9700000US4217280,4217280,"North Penn School District, Pennsylvania",98929,91,77714,1117,5374,886,13314,785,1640,397
9700000US4217310,4217310,"North Pocono School District, Pennsylvania",20690,514,20237,529,125,69,61,40,217,103
9700000US4217370,4217370,"Northampton Area School District, Pennsylvania",41762,140,39652,459,711,305,534,256,490,183
9700000US4217430,4217430,"Riverside Beaver County School District, Pennsylvania",10535,156,10313,213,52,38,134,103,25,38
9700000US4217460,4217460,"Northeast Bradford School District, Pennsylvania",5609,334,5444,335,1,3,47,36,107,54
9700000US4217520,4217520,"Northeastern York School District, Pennsylvania",23367,466,21255,720,1138,475,201,182,525,195
9700000US4217580,4217580,"Northern Bedford County School District, Pennsylvania",6966,269,6866,259,32,31,5,7,52,38
9700000US4217610,4217610,"Northern Cambria School District, Pennsylvania",7774,189,7735,194,18,27,0,15,19,21
9700000US4217640,4217640,"Northern Lebanon School District, Pennsylvania",17170,209,16292,316,226,138,91,81,228,112
9700000US4217670,4217670,"Northern Lehigh School District, Pennsylvania",12998,164,12649,229,164,128,26,32,95,66
9700000US4217700,4217700,"Northern Potter School District, Pennsylvania",4582,205,4471,203,20,16,3,4,80,50
9700000US4217730,4217730,"Northern Tioga School District, Pennsylvania",14244,1050,14002,1015,57,58,24,18,130,108
9700000US4217760,4217760,"Northern York County School District, Pennsylvania",21329,157,20580,374,107,75,258,182,278,237
9700000US4217770,4217770,"Northgate School District, Pennsylvania",13050,35,11280,310,977,255,189,144,417,170
9700000US4217790,4217790,"Northwest Area School District, Pennsylvania",9156,318,9010,312,47,36,12,14,52,44
9700000US4217850,4217850,"Northwestern Lehigh School District, Pennsylvania",14925,142,14354,270,159,169,136,87,240,129
9700000US4217880,4217880,"Northwestern School District, Pennsylvania",12027,215,10553,270,1108,149,53,44,159,71
9700000US4217940,4217940,"Norwin School District, Pennsylvania",35650,214,34825,295,190,106,344,158,280,152
9700000US4218030,4218030,"Octorara Area School District, Pennsylvania",17640,322,16276,426,856,300,101,51,215,106
9700000US4218090,4218090,"Oil City Area School District, Pennsylvania",15006,230,14466,247,141,51,89,45,290,95
9700000US4218120,4218120,"Old Forge School District, Pennsylvania",8299,18,8129,117,50,70,79,86,41,41
9700000US4218150,4218150,"Oley Valley School District, Pennsylvania",13347,255,13171,284,84,68,65,77,15,12
9700000US4218210,4218210,"Oswayo Valley School District, Pennsylvania",3125,247,3111,245,5,7,0,10,9,10
9700000US4218240,4218240,"Otto-Eldred School District, Pennsylvania",4089,255,3979,240,20,25,27,22,34,30
9700000US4218270,4218270,"Owen J. Roberts School District, Pennsylvania",32968,230,30606,580,1219,352,557,224,476,239
9700000US4218300,4218300,"Oxford Area School District, Pennsylvania",25894,238,23017,545,1745,467,90,52,611,200
9700000US4218330,4218330,"Palisades School District, Pennsylvania",14941,124,14504,230,177,161,164,97,63,34
9700000US4218360,4218360,"Palmerton Area School District, Pennsylvania",14047,204,13856,232,50,58,27,44,83,108
9700000US4218390,4218390,"Palmyra Area School District, Pennsylvania",22601,29,21577,267,110,88,416,181,450,214
9700000US4218450,4218450,"Panther Valley School District, Pennsylvania",12649,213,12049,284,236,125,13,15,135,90
9700000US4218510,4218510,"Parkland School District, Pennsylvania",56031,44,49440,818,1531,583,3304,416,1124,399
9700000US4218570,4218570,"Pen Argyl Area School District, Pennsylvania",12444,23,12140,129,102,87,35,56,73,54
9700000US4218580,4218580,"Penn-Delco School District, Pennsylvania",26944,130,25155,509,972,428,431,184,351,150
9700000US4218590,4218590,"Penn Hills School District, Pennsylvania",42444,91,25613,747,15139,857,293,168,1060,363
9700000US4218630,4218630,"Penn Manor School District, Pennsylvania",41562,87,38056,626,1677,492,704,207,560,229
9700000US4218660,4218660,"Penn-Trafford School District, Pennsylvania",25683,394,25336,419,190,173,58,63,88,73
9700000US4218740,4218740,"Penncrest School District, Pennsylvania",24553,353,23761,373,366,91,44,33,234,77
9700000US4218750,4218750,"Pennridge School District, Pennsylvania",48822,295,46704,452,452,180,755,280,732,246
9700000US4218780,4218780,"Penns Manor Area School District, Pennsylvania",5753,250,5633,260,24,18,15,19,57,42
9700000US4218810,4218810,"Penns Valley Area School District, Pennsylvania",12714,387,12552,391,20,18,85,62,46,34
9700000US4218840,4218840,"Pennsbury School District, Pennsylvania",71015,209,63330,683,2324,491,3501,530,1081,293
9700000US4218900,4218900,"Pequea Valley School District, Pennsylvania",21585,23,21202,165,120,92,29,31,143,82
9700000US4218930,4218930,"Perkiomen Valley School District, Pennsylvania",38192,114,32268,621,3586,529,1455,363,740,253
9700000US4218960,4218960,"Peters Township School District, Pennsylvania",21417,23,20693,189,75,70,392,144,172,88
9700000US4218990,4218990,"Philadelphia City School District, Pennsylvania",1536704,*****,637842,3485,665332,2885,99962,1216,38949,2361
9700000US4219020,4219020,"Philipsburg-Osceola Area School District, Pennsylvania",15621,357,14864,366,241,65,190,100,209,92
9700000US4219050,4219050,"Phoenixville Area School District, Pennsylvania",32187,28,28158,605,1659,279,1339,369,508,272
9700000US4219140,4219140,"Pine Grove Area School District, Pennsylvania",11779,272,11548,270,28,27,137,139,55,42
9700000US4219170,4219170,"Pittsburgh School District, Pennsylvania",309457,63,204924,1612,78634,1582,14467,718,9079,846
9700000US4219200,4219200,"Pittston Area School District, Pennsylvania",27897,164,27056,473,136,75,145,124,378,207
9700000US4219290,4219290,"Pleasant Valley School District, Pennsylvania",33703,190,30782,633,1710,536,359,255,478,222
9700000US4219350,4219350,"Plum Borough School District, Pennsylvania",27257,32,25507,509,1014,395,450,327,243,136
9700000US4219470,4219470,"Colonial School District, Pennsylvania",41835,40,36514,663,2351,530,2076,385,674,223
9700000US4219500,4219500,"Pocono Mountain School District, Pennsylvania",64239,29,47355,1390,11339,1176,1215,308,2387,654
9700000US4219530,4219530,"Port Allegany School District, Pennsylvania",5840,265,5798,265,4,12,15,20,23,16
9700000US4219560,4219560,"Portage Area School District, Pennsylvania",6379,54,6352,62,19,27,0,15,8,11
9700000US4219650,4219650,"Pottsgrove School District, Pennsylvania",21295,59,19003,382,1492,323,218,106,494,186
9700000US4219680,4219680,"Pottstown School District, Pennsylvania",22442,28,17083,661,4228,607,48,41,641,200
9700000US4219710,4219710,"Pottsville Area School District, Pennsylvania",19926,282,18432,408,696,270,141,84,553,171
9700000US4219800,4219800,"Punxsutawney Area School District, Pennsylvania",21100,392,20630,421,95,88,41,29,246,61
9700000US4219830,4219830,"Purchase Line School District, Pennsylvania",7185,220,7028,234,48,67,10,12,74,82
9700000US4219860,4219860,"Quaker Valley School District, Pennsylvania",13747,264,12567,333,546,191,292,124,257,84
9700000US4219890,4219890,"Quakertown Community School District, Pennsylvania",36316,324,34347,626,568,283,584,231,479,174
9700000US4219920,4219920,"Radnor Township School District, Pennsylvania",31482,28,26973,551,1616,362,2229,361,449,162
9700000US4220040,4220040,"Reading School District, Pennsylvania",87978,39,47189,1833,11165,953,950,218,5679,867
9700000US4220100,4220100,"Red Lion Area School District, Pennsylvania",38445,262,36688,621,755,426,397,232,354,135
9700000US4220130,4220130,"Redbank Valley School District, Pennsylvania",8223,370,8119,370,35,32,8,8,45,25
9700000US4220220,4220220,"Reynolds School District, Pennsylvania",9547,329,9332,322,17,23,0,15,117,80
9700000US4220250,4220250,"Richland School District, Pennsylvania",14683,172,14127,241,114,58,240,116,115,88
9700000US4220310,4220310,"Ridgway Area School District, Pennsylvania",6784,177,6624,178,29,16,72,61,7,13
9700000US4220370,4220370,"Ridley School District, Pennsylvania",40310,209,36322,647,1965,541,932,292,687,197
9700000US4220400,4220400,"Ringgold School District, Pennsylvania",26180,199,24341,409,1219,319,187,109,401,119
9700000US4220430,4220430,"Riverview School District, Pennsylvania",8625,189,8351,225,210,132,22,36,42,29
9700000US4220460,4220460,"Rochester Area School District, Pennsylvania",7015,128,6205,283,635,283,0,15,175,97
9700000US4220520,4220520,"Rockwood Area School District, Pennsylvania",5765,250,5656,240,2,7,34,37,56,44
9700000US4220550,4220550,"Rose Tree Media School District, Pennsylvania",35397,50,31375,630,1486,349,1774,481,643,211
9700000US4220580,4220580,"South Fayette Township School District, Pennsylvania",14677,22,13265,342,217,135,972,284,139,97
9700000US4220640,4220640,"St. Marys Area School District, Pennsylvania",19017,189,18679,216,146,42,65,41,51,38
9700000US4220730,4220730,"Salisbury Township School District, Pennsylvania",13582,40,11968,544,646,450,218,158,123,110
9700000US4220760,4220760,"Salisbury-Elk Lick School District, Pennsylvania",2952,182,2939,178,4,10,0,10,6,9
9700000US4220850,4220850,"Sayre Area School District, Pennsylvania",8084,237,7911,242,57,56,67,57,38,38
9700000US4220910,4220910,"Schuylkill Haven Area School District, Pennsylvania",8283,122,8236,113,4,5,6,8,5,8
9700000US4220970,4220970,"Schuylkill Valley School District, Pennsylvania",14971,314,13659,453,510,163,41,45,303,132
9700000US4221090,4221090,"Scranton School District, Pennsylvania",75982,37,65732,664,4976,509,2292,318,1633,327
9700000US4221120,4221120,"Selinsgrove Area School District, Pennsylvania",22798,500,21855,502,310,94,258,16,169,72
9700000US4221150,4221150,"Yough School District, Pennsylvania",16254,239,16085,254,61,51,41,30,61,43
9700000US4221180,4221180,"Shade-Central City School District, Pennsylvania",3771,141,3691,145,8,13,0,10,61,46
9700000US4221200,4221200,"Shaler Area School District, Pennsylvania",39285,34,38065,384,672,328,133,88,370,141
9700000US4221240,4221240,"Shamokin Area School District, Pennsylvania",20967,314,18656,390,1679,219,54,30,395,136
9700000US4221270,4221270,"Shanksville-Stonycreek School District, Pennsylvania",2967,216,2952,218,0,10,7,8,8,12
9700000US4221330,4221330,"Sharon City School District, Pennsylvania",13930,56,11279,342,1723,231,238,144,503,217
9700000US4221420,4221420,"Sharpsville Area School District, Pennsylvania",7689,104,7516,153,65,86,75,65,33,34
9700000US4221490,4221490,"Shenandoah Valley School District, Pennsylvania",7895,25,7022,306,245,193,0,15,159,101
9700000US4221510,4221510,"Shenango Area School District, Pennsylvania",8186,124,8100,120,51,36,0,15,35,38
9700000US4221540,4221540,"Shikellamy School District, Pennsylvania",22550,240,21774,367,249,110,59,41,226,104
9700000US4221570,4221570,"Shippensburg Area School District, Pennsylvania",28333,348,26589,510,900,285,211,96,499,181
9700000US4221660,4221660,"Slippery Rock Area School District, Pennsylvania",20663,275,19558,355,422,117,374,177,263,96
9700000US4221690,4221690,"Smethport Area School District, Pennsylvania",6007,209,5850,215,98,38,11,11,30,25
9700000US4221810,4221810,"Solanco School District, Pennsylvania",32172,219,31496,374,136,77,15,14,327,201
9700000US4221840,4221840,"Somerset Area School District, Pennsylvania",21086,140,18805,225,1689,180,118,59,258,108
9700000US4221870,4221870,"Souderton Area School District, Pennsylvania",45636,198,41835,551,1280,323,1736,514,435,147
9700000US4221910,4221910,"South Allegheny School District, Pennsylvania",11814,77,11406,196,172,113,66,62,162,111
9700000US4221930,4221930,"South Butler County School District, Pennsylvania",18472,194,18152,200,43,62,135,75,103,55
9700000US4222050,4222050,"South Middleton School District, Pennsylvania",14771,51,14031,298,215,219,112,65,376,194
9700000US4222060,4222060,"South Park School District, Pennsylvania",13469,25,12714,311,425,271,241,141,80,74
9700000US4222140,4222140,"South Williamsport Area School District, Pennsylvania",9282,126,9132,155,22,17,11,19,117,87
9700000US4222170,4222170,"South Eastern School District, Pennsylvania",19616,343,18902,368,316,138,103,71,253,132
9700000US4222200,4222200,"Southeastern Greene School District, Pennsylvania",4445,213,4343,206,5,5,7,10,80,62
9700000US4222230,4222230,"South Side Area School District, Pennsylvania",6875,179,6563,196,67,59,15,23,224,181
9700000US4222260,4222260,"Southern Columbia Area School District, Pennsylvania",10298,231,10135,233,97,74,7,7,44,38
9700000US4222290,4222290,"Southern Fulton School District, Pennsylvania",5423,199,5299,195,32,27,6,5,55,24
9700000US4222320,4222320,"Southern Huntingdon County School District, Pennsylvania",7502,328,7470,332,6,8,0,15,15,12
9700000US4222350,4222350,"Southern Lehigh School District, Pennsylvania",21236,184,19801,477,154,87,700,323,160,102
9700000US4222370,4222370,"Southern Tioga School District, Pennsylvania",16099,527,15574,499,242,147,102,42,143,114
9700000US4222380,4222380,"Southern York County School District, Pennsylvania",20624,216,19828,322,246,156,226,159,175,104
9700000US4222400,4222400,"Southeast Delco School District, Pennsylvania",30370,62,17249,723,11404,642,850,400,725,285
9700000US4222410,4222410,"Southmoreland School District, Pennsylvania",15103,264,14509,378,237,162,157,162,184,131
9700000US4222440,4222440,"Seneca Valley School District, Pennsylvania",47384,254,45792,417,344,122,708,233,455,166
9700000US4222470,4222470,"South Western School District, Pennsylvania",26900,35,25632,369,238,167,326,150,465,247
9700000US4222530,4222530,"Spring Cove School District, Pennsylvania",14186,296,13794,383,244,241,56,46,78,36
9700000US4222560,4222560,"Spring-Ford Area School District, Pennsylvania",47775,38,42637,743,1587,491,2369,502,1051,349
9700000US4222590,4222590,"Spring Grove Area School District, Pennsylvania",27752,396,26577,449,546,211,177,103,261,126
9700000US4222600,4222600,"Springfield School District, Pennsylvania",26917,45,24612,341,1089,201,927,295,241,116
9700000US4222620,4222620,"Springfield Township School District, Pennsylvania",19483,54,15939,434,2197,346,611,233,377,133
9700000US4222710,4222710,"Saint Clair Area School District, Pennsylvania",6746,191,6605,223,59,80,28,39,52,32
9700000US4222740,4222740,"Tuscarora School District, Pennsylvania",18299,195,17556,272,366,150,12,19,326,138
9700000US4222770,4222770,"State College Area School District, Pennsylvania",92325,72,78287,480,3302,370,7678,406,2056,472
9700000US4222790,4222790,"Steel Valley School District, Pennsylvania",16333,184,12398,321,3360,294,140,149,358,172
9700000US4222800,4222800,"Steelton-Highspire School District, Pennsylvania",8342,278,4378,383,2861,411,55,62,794,276
9700000US4222830,4222830,"Sto-Rox School District, Pennsylvania",12444,26,8794,390,2824,372,35,39,674,246
9700000US4222860,4222860,"Stroudsburg Area School District, Pennsylvania",34341,181,27835,967,3849,842,1007,300,602,253
9700000US4222920,4222920,"Sullivan County School District, Pennsylvania",6419,*****,6231,77,96,73,12,9,18,24
9700000US4222980,4222980,"Susquehanna Community School District, Pennsylvania",5382,349,5234,346,33,24,13,12,57,32
9700000US4223010,4223010,"Susquehanna Township School District, Pennsylvania",24227,52,16581,698,5552,648,990,312,575,264
9700000US4223040,4223040,"Susquenita School District, Pennsylvania",14934,380,14433,375,90,51,49,47,196,68
9700000US4223220,4223220,"Tamaqua Area School District, Pennsylvania",16674,249,16492,259,24,31,15,22,140,104
9700000US4223250,4223250,"Riverside School District, Pennsylvania",11945,23,11524,237,79,69,56,82,228,192
9700000US4223490,4223490,"Titusville Area School District, Pennsylvania",14452,354,13982,394,134,76,72,35,241,94
9700000US4223550,4223550,"Towanda Area School District, Pennsylvania",11008,372,10662,387,36,25,152,110,128,59
9700000US4223640,4223640,"Tredyffrin-Easttown School District, Pennsylvania",39945,48,34459,594,688,246,3653,526,774,259
9700000US4223700,4223700,"Tri-Valley School District, Pennsylvania",6576,191,6553,194,8,13,14,17,0,15
9700000US4223760,4223760,"Trinity Area School District, Pennsylvania",26076,58,25410,215,383,168,31,30,216,94
9700000US4223790,4223790,"Troy Area School District, Pennsylvania",10738,468,10394,441,123,51,68,34,131,59
9700000US4223820,4223820,"Tulpehocken Area School District, Pennsylvania",12145,257,11699,302,172,89,41,40,127,72
9700000US4223850,4223850,"Tunkhannock Area School District, Pennsylvania",19012,351,18545,351,137,43,90,37,197,62
9700000US4223880,4223880,"Turkeyfoot Valley Area School District, Pennsylvania",3032,260,3000,258,5,10,0,10,25,24
9700000US4223970,4223970,"Tussey Mountain School District, Pennsylvania",7253,334,7169,342,26,26,0,15,52,36
9700000US4224000,4224000,"Twin Valley School District, Pennsylvania",23970,195,22987,330,232,169,302,157,363,136
9700000US4224030,4224030,"Tyrone Area School District, Pennsylvania",12723,261,12473,266,44,34,21,17,141,90
9700000US4224060,4224060,"Union Area School District, Pennsylvania",5514,141,5243,195,227,149,19,31,25,30
9700000US4224090,4224090,"Union City Area School District, Pennsylvania",6703,232,6487,242,34,26,16,19,157,97
9700000US4224120,4224120,"Union School District, Pennsylvania",4338,246,4266,246,32,25,8,11,27,20
9700000US4224150,4224150,"Uniontown Area School District, Pennsylvania",23450,287,21037,499,1847,396,10,20,481,163
9700000US4224210,4224210,"Unionville-Chadds Ford School District, Pennsylvania",23857,327,21482,492,619,158,1369,331,322,159
9700000US4224240,4224240,"United School District, Pennsylvania",7918,272,7799,266,8,8,3,6,99,70
9700000US4224300,4224300,"Upper Adams School District, Pennsylvania",10806,405,9726,364,144,123,29,29,81,51
9700000US4224320,4224320,"Upper Darby School District, Pennsylvania",90515,234,50500,1096,25417,1069,10803,793,2152,411
9700000US4224360,4224360,"Upper Dauphin Area School District, Pennsylvania",9730,328,9521,326,69,49,19,20,104,55
9700000US4224390,4224390,"Upper Dublin School District, Pennsylvania",25903,44,21658,500,1646,349,2042,267,525,160
9700000US4224480,4224480,"Upper Merion Area School District, Pennsylvania",34302,89,26082,628,2491,479,4640,520,640,192
9700000US4224510,4224510,"Upper Moreland Township School District, Pennsylvania",24108,37,20836,556,1531,467,972,295,579,224
9700000US4224540,4224540,"Upper Perkiomen School District, Pennsylvania",22438,130,21690,361,237,127,99,69,159,82
9700000US4224570,4224570,"Upper Saint Clair School District, Pennsylvania",19272,30,17825,351,55,30,1026,330,347,147
9700000US4224630,4224630,"Valley Grove School District, Pennsylvania",6711,121,6533,181,21,25,9,13,127,140
9700000US4224650,4224650,"Valley View School District, Pennsylvania",18248,22,17715,207,51,33,275,205,118,92
9700000US4224750,4224750,"Wallenpaupack Area School District, Pennsylvania",24996,377,23381,555,665,206,439,198,267,143
9700000US4224790,4224790,"Wallingford-Swarthmore School District, Pennsylvania",21623,188,18775,428,1089,334,1062,240,604,178
9700000US4224820,4224820,"Warren County School District, Pennsylvania",38314,262,37553,252,185,42,136,50,320,65
9700000US4224870,4224870,"Warrior Run School District, Pennsylvania",17549,395,14694,677,2058,432,97,67,232,80
9700000US4224960,4224960,"Warwick School District, Pennsylvania",31091,29,29468,575,472,277,484,447,308,135
9700000US4224970,4224970,"Wayne Highlands School District, Pennsylvania",21215,430,20820,429,116,83,25,30,154,61
9700000US4224990,4224990,"Washington School District, Pennsylvania",15758,157,12735,335,2185,320,55,49,740,195
9700000US4225080,4225080,"Wattsburg Area School District, Pennsylvania",10415,263,10228,245,61,38,13,17,81,47
9700000US4225110,4225110,"Waynesboro Area School District, Pennsylvania",32458,283,30467,516,1177,321,415,198,260,109
9700000US4225140,4225140,"Weatherly Area School District, Pennsylvania",5011,260,4824,260,43,63,45,48,67,43
9700000US4225170,4225170,"Wellsboro Area School District, Pennsylvania",11914,1286,11604,1240,46,30,70,52,169,243
9700000US4225200,4225200,"West Allegheny School District, Pennsylvania",20450,131,19667,284,276,131,149,104,249,138
9700000US4225230,4225230,"West Branch Area School District, Pennsylvania",7553,271,7433,214,81,118,0,15,33,35
9700000US4225290,4225290,"West Chester Area School District, Pennsylvania",109527,70,95460,1082,6231,831,5326,593,1742,398
9700000US4225440,4225440,"West Greene School District, Pennsylvania",5039,252,4987,249,17,15,8,7,25,21
9700000US4225590,4225590,"West Jefferson Hills School District, Pennsylvania",19913,202,19228,297,326,194,159,122,144,89
9700000US4225650,4225650,"West Middlesex Area School District, Pennsylvania",7372,158,7314,163,0,15,7,9,31,28
9700000US4225680,4225680,"West Mifflin Area School District, Pennsylvania",21618,79,18993,423,2058,341,35,45,481,298
9700000US4225740,4225740,"West Perry School District, Pennsylvania",18924,341,18523,337,138,67,18,16,175,78
9700000US4225830,4225830,"West Shore School District, Pennsylvania",62817,383,56918,750,2618,376,1097,325,1287,241
9700000US4225950,4225950,"Wyoming Valley West School District, Pennsylvania",42092,91,39421,459,1397,389,519,185,572,218
9700000US4225980,4225980,"West York Area School District, Pennsylvania",23589,108,19987,624,1550,478,513,203,954,258
9700000US4226010,4226010,"Mifflinburg Area School District, Pennsylvania",16415,155,16069,307,211,243,38,41,85,54
9700000US4226040,4226040,"Western Beaver County School District, Pennsylvania",5476,111,5257,134,123,74,4,5,86,50
9700000US4226070,4226070,"Western Wayne School District, Pennsylvania",19026,311,16865,409,1495,234,168,85,255,82
9700000US4226130,4226130,"Westmont Hilltop School District, Pennsylvania",12803,106,12251,211,192,145,172,98,71,50
9700000US4226250,4226250,"Whitehall-Coplay School District, Pennsylvania",30094,60,24283,638,2030,546,1764,364,602,206
9700000US4226300,4226300,"Wilkes-Barre Area School District, Pennsylvania",59727,157,49295,874,5803,599,1054,237,1424,309
9700000US4226370,4226370,"Wilkinsburg Borough School District, Pennsylvania",15943,25,4915,388,9934,434,211,158,774,229
9700000US4226390,4226390,"William Penn School District, Pennsylvania",42133,38,11979,669,28417,750,666,223,702,190
9700000US4226400,4226400,"Williams Valley School District, Pennsylvania",6887,301,6736,303,23,21,0,15,74,62
9700000US4226430,4226430,"Williamsburg Community School District, Pennsylvania",3850,209,3785,219,30,50,0,10,2,3
9700000US4226460,4226460,"Williamsport Area School District, Pennsylvania",41879,303,35545,446,4646,312,260,94,1142,265
9700000US4226520,4226520,"Wilmington Area School District, Pennsylvania",11734,276,11443,243,107,57,6,12,135,95
9700000US4226550,4226550,"Wilson Area School District, Pennsylvania",15446,184,13655,586,665,347,425,187,515,195
9700000US4226580,4226580,"Wilson School District, Pennsylvania",38958,285,35585,702,1256,351,745,268,468,174
9700000US4226610,4226610,"Windber Area School District, Pennsylvania",8534,283,8371,287,12,20,28,28,121,82
9700000US4226700,4226700,"Wyalusing Area School District, Pennsylvania",8982,379,8778,378,14,13,20,18,143,60
9700000US4226730,4226730,"Wyoming Area School District, Pennsylvania",19261,248,18912,278,173,135,75,59,47,55
9700000US4226760,4226760,"Wyomissing Area School District, Pennsylvania",12512,281,10386,512,617,242,649,312,210,110
9700000US4226820,4226820,"York City School District, Pennsylvania",43808,86,23223,1077,11644,888,396,183,2755,517
9700000US4226850,4226850,"York Suburban School District, Pennsylvania",21825,398,19455,557,938,311,569,243,335,173
9700000US4299997,4299997,"School District Not Defined, Pennsylvania",0,10,0,10,0,10,0,10,0,10
