GEO.id,GEO.id2,GEO.display-label,HD01_VD01,HD02_VD01,HD01_VD02,HD02_VD02,HD01_VD03,HD02_VD03,HD01_VD09,HD02_VD09,HD01_VD10,HD02_VD10
Id,Id2,Geography,Estimate; Total:,Margin of Error; Total:,Estimate; Owner occupied:,Margin of Error; Owner occupied:,Estimate; Owner occupied: - No vehicle available,Margin of Error; Owner occupied: - No vehicle available,Estimate; Renter occupied:,Margin of Error; Renter occupied:,Estimate; Renter occupied: - No vehicle available,Margin of Error; Renter occupied: - No vehicle available
9700000US4200824,4200824,"Central Valley School District, Pennsylvania",7366,229,5614,254,163,81,1752,211,237,69
9700000US4202010,4202010,"Abington Heights School District, Pennsylvania",9099,279,7464,248,114,50,1635,203,274,83
9700000US4202040,4202040,"Abington School District, Pennsylvania",22049,361,17398,433,500,115,4651,358,855,200
9700000US4202100,4202100,"Albert Gallatin Area School District, Pennsylvania",9083,365,6932,384,272,81,2151,257,367,131
9700000US4202130,4202130,"Aliquippa School District, Pennsylvania",4189,186,2477,194,242,83,1712,201,499,128
9700000US4202190,4202190,"Allegheny Valley School District, Pennsylvania",4544,144,3436,160,206,68,1108,152,200,65
9700000US4202280,4202280,"Allentown City School District, Pennsylvania",41823,793,20149,638,1062,168,21674,671,7470,554
9700000US4202310,4202310,"Allegheny-Clarion Valley School District, Pennsylvania",2357,102,1818,106,55,24,539,78,89,34
9700000US4202340,4202340,"Altoona Area School District, Pennsylvania",24211,451,16958,386,843,143,7253,382,2014,241
9700000US4202400,4202400,"Wissahickon School District, Pennsylvania",14558,315,10588,316,269,89,3970,315,834,169
9700000US4202440,4202440,"Ambridge Area School District, Pennsylvania",10264,289,7302,325,428,110,2962,290,842,169
9700000US4202480,4202480,"Antietam School District, Pennsylvania",3059,122,2166,155,38,30,893,141,149,86
9700000US4202490,4202490,"Annville-Cleona School District, Pennsylvania",4316,166,3335,146,85,40,981,125,105,51
9700000US4202550,4202550,"Apollo-Ridge School District, Pennsylvania",3983,150,3169,142,162,62,814,125,163,80
9700000US4202590,4202590,"Armstrong School District, Pennsylvania",17741,317,13339,355,587,99,4402,396,1190,238
9700000US4202670,4202670,"Athens Area School District, Pennsylvania",5602,182,4482,221,99,55,1120,130,205,71
9700000US4202700,4202700,"Austin Area School District, Pennsylvania",476,38,393,37,11,6,83,19,8,6
9700000US4202760,4202760,"Avella Area School District, Pennsylvania",1604,68,1366,74,40,18,238,41,19,16
9700000US4202790,4202790,"Avon Grove School District, Pennsylvania",10362,259,8737,278,88,52,1625,207,123,59
9700000US4202820,4202820,"Avonworth School District, Pennsylvania",4137,130,3183,143,81,39,954,120,51,32
9700000US4202850,4202850,"Pine-Richland School District, Pennsylvania",7977,236,6973,202,53,44,1004,194,207,76
9700000US4202910,4202910,"Bald Eagle Area School District, Pennsylvania",5297,188,4358,149,135,39,939,126,83,50
9700000US4202970,4202970,"Baldwin-Whitehall School District, Pennsylvania",15432,294,11797,357,326,90,3635,310,1074,212
9700000US4203000,4203000,"Bangor Area School District, Pennsylvania",8924,286,7019,310,250,106,1905,263,258,125
9700000US4203120,4203120,"Beaver Area School District, Pennsylvania",6236,181,4400,187,87,38,1836,176,308,88
9700000US4203180,4203180,"Bedford Area School District, Pennsylvania",6937,165,5259,186,235,78,1678,188,316,91
9700000US4203210,4203210,"Belle Vernon Area School District, Pennsylvania",7607,241,6121,271,142,56,1486,209,276,92
9700000US4203240,4203240,"Bellefonte Area School District, Pennsylvania",9861,287,7330,290,277,99,2531,263,532,191
9700000US4203300,4203300,"Bellwood-Antis School District, Pennsylvania",3264,171,2676,174,16,13,588,149,78,49
9700000US4203330,4203330,"Bensalem Township School District, Pennsylvania",23186,486,13980,438,324,101,9206,419,1142,218
9700000US4203360,4203360,"Bentworth School District, Pennsylvania",3430,124,2588,133,127,47,842,100,199,57
9700000US4203390,4203390,"Benton Area School District, Pennsylvania",2042,90,1692,77,32,15,350,64,33,20
9700000US4203420,4203420,"Berlin Brothersvalley School District, Pennsylvania",2176,81,1685,97,53,32,491,89,60,25
9700000US4203450,4203450,"Bermudian Springs School District, Pennsylvania",4929,156,3946,205,34,25,983,148,46,45
9700000US4203480,4203480,"Berwick Area School District, Pennsylvania",9364,287,6355,336,295,93,3009,329,556,146
9700000US4203510,4203510,"Bethel Park School District, Pennsylvania",13403,272,10621,314,237,84,2782,225,470,123
9700000US4203570,4203570,"Bethlehem Area School District, Pennsylvania",45173,618,28254,612,1046,214,16919,596,4112,448
9700000US4203600,4203600,"Bethlehem-Center School District, Pennsylvania",3529,181,2900,193,136,45,629,117,120,63
9700000US4203630,4203630,"Big Beaver Falls Area School District, Pennsylvania",5388,231,3340,182,169,64,2048,226,684,136
9700000US4203660,4203660,"Big Spring School District, Pennsylvania",8173,238,6695,221,265,75,1478,196,102,41
9700000US4203688,4203688,"Blackhawk School District, Pennsylvania",7302,221,5902,277,181,103,1400,210,202,108
9700000US4203690,4203690,"Blacklick Valley School District, Pennsylvania",2217,99,1870,94,89,38,347,77,40,20
9700000US4203750,4203750,"Blairsville-Saltsburg School District, Pennsylvania",5664,185,4388,182,220,91,1276,131,237,91
9700000US4203840,4203840,"Bloomsburg Area School District, Pennsylvania",6990,334,3635,193,160,62,3355,317,505,141
9700000US4203870,4203870,"Blue Mountain School District, Pennsylvania",8396,245,7036,254,176,96,1360,185,99,46
9700000US4203900,4203900,"Blue Ridge School District, Pennsylvania",3222,107,2328,118,59,25,894,101,175,39
9700000US4203960,4203960,"Boyertown Area School District, Pennsylvania",17513,333,14611,380,222,80,2902,322,415,125
9700000US4204020,4204020,"Bradford Area School District, Pennsylvania",8094,230,5673,216,202,74,2421,215,809,149
9700000US4204050,4204050,"Brandywine Heights Area School District, Pennsylvania",5158,200,4228,234,10,11,930,174,128,75
9700000US4204080,4204080,"Brownsville Area School District, Pennsylvania",5579,293,4035,273,243,89,1544,272,418,131
9700000US4204090,4204090,"Bryn Athyn School District, Pennsylvania",454,38,270,39,0,10,184,38,33,24
9700000US4204140,4204140,"Brentwood Borough School District, Pennsylvania",4441,165,2689,219,135,72,1752,208,575,149
9700000US4204200,4204200,"Bristol Borough School District, Pennsylvania",3842,221,2206,203,76,45,1636,234,262,82
9700000US4204230,4204230,"Bristol Township School District, Pennsylvania",19705,485,15435,545,272,100,4270,349,509,149
9700000US4204260,4204260,"Brockway Area School District, Pennsylvania",3043,112,2319,96,69,24,724,88,146,59
9700000US4204320,4204320,"Brookville Area School District, Pennsylvania",4953,140,3799,142,137,47,1154,112,195,62
9700000US4204500,4204500,"Burgettstown Area School District, Pennsylvania",4032,129,3230,134,85,46,802,131,156,77
9700000US4204530,4204530,"Burrell School District, Pennsylvania",5935,228,4814,242,95,45,1121,175,117,64
9700000US4204590,4204590,"Butler Area School District, Pennsylvania",22937,359,16050,433,448,120,6887,365,1775,239
9700000US4204710,4204710,"California Area School District, Pennsylvania",4319,273,2816,175,97,39,1503,214,351,148
9700000US4204740,4204740,"Cambria Heights School District, Pennsylvania",3955,130,3311,116,120,35,644,87,181,55
9700000US4204830,4204830,"Cameron County School District, Pennsylvania",2144,90,1533,88,54,23,611,82,145,47
9700000US4204860,4204860,"Camp Hill School District, Pennsylvania",3435,114,2451,147,114,62,984,125,94,61
9700000US4204890,4204890,"Canon-McMillan School District, Pennsylvania",13930,253,10760,358,196,79,3170,338,344,134
9700000US4204920,4204920,"Canton Area School District, Pennsylvania",2508,120,1722,117,62,33,786,88,121,48
9700000US4204980,4204980,"Carbondale Area School District, Pennsylvania",4700,238,2926,213,145,70,1774,206,475,118
9700000US4205010,4205010,"Carlisle Area School District, Pennsylvania",14401,443,9121,425,294,99,5280,371,695,132
9700000US4205040,4205040,"Carlynton School District, Pennsylvania",6798,188,3541,240,100,57,3257,212,812,165
9700000US4205070,4205070,"Carmichaels Area School District, Pennsylvania",3014,157,2184,207,178,74,830,189,199,80
9700000US4205160,4205160,"Catasauqua Area School District, Pennsylvania",4537,202,2654,241,54,32,1883,258,369,148
9700000US4205190,4205190,"Centennial School District, Pennsylvania",18494,381,13992,377,356,103,4502,252,680,137
9700000US4205310,4205310,"Central Bucks School District, Pennsylvania",40288,566,34154,622,544,141,6134,429,842,145
9700000US4205340,4205340,"Central Cambria School District, Pennsylvania",5340,206,4043,232,151,59,1297,206,194,70
9700000US4205370,4205370,"Central Columbia School District, Pennsylvania",6165,169,5116,207,114,44,1049,153,127,76
9700000US4205400,4205400,"Central Dauphin School District, Pennsylvania",36388,600,25173,579,435,122,11215,575,1021,223
9700000US4205430,4205430,"Central Greene School District, Pennsylvania",5054,244,3246,233,123,40,1808,211,353,114
9700000US4205460,4205460,"Crestwood School District, Pennsylvania",7589,192,6728,210,136,35,861,141,66,51
9700000US4205490,4205490,"Central York School District, Pennsylvania",13366,293,10801,371,241,67,2565,285,365,122
9700000US4205550,4205550,"Chambersburg Area School District, Pennsylvania",26344,429,18578,569,468,124,7766,509,1144,255
9700000US4205640,4205640,"Charleroi School District, Pennsylvania",5093,189,3719,158,193,70,1374,160,471,97
9700000US4205700,4205700,"Chartiers Valley School District, Pennsylvania",13857,386,9738,404,461,120,4119,316,600,146
9700000US4205730,4205730,"Chartiers-Houston School District, Pennsylvania",3647,159,3061,163,75,40,586,113,76,42
9700000US4205760,4205760,"Cheltenham Township School District, Pennsylvania",14492,378,9145,353,165,80,5347,317,1016,205
9700000US4205860,4205860,"Chester-Upland School District, Pennsylvania",14329,426,5784,375,739,175,8545,417,4077,371
9700000US4205880,4205880,"Chestnut Ridge School District, Pennsylvania",4387,194,3670,205,120,52,717,121,19,12
9700000US4205910,4205910,"Chichester School District, Pennsylvania",9164,283,6272,325,130,55,2892,250,711,173
9700000US4206030,4206030,"Clairton City School District, Pennsylvania",3216,187,1808,178,251,83,1408,183,711,161
9700000US4206060,4206060,"Clarion Area School District, Pennsylvania",3213,198,1849,131,59,37,1364,158,246,113
9700000US4206090,4206090,"Clarion-Limestone Area School District, Pennsylvania",3260,179,2128,150,63,42,1132,147,200,94
9700000US4206120,4206120,"Claysburg-Kimmel School District, Pennsylvania",2256,133,1708,155,59,36,548,123,99,53
9700000US4206150,4206150,"Clearfield Area School District, Pennsylvania",8191,263,5851,277,220,88,2340,218,343,112
9700000US4206240,4206240,"Coatesville Area School District, Pennsylvania",23497,559,17286,533,446,128,6211,475,1450,285
9700000US4206270,4206270,"Cocalico School District, Pennsylvania",8309,230,6762,298,231,80,1547,223,77,48
9700000US4206360,4206360,"Columbia Borough School District, Pennsylvania",4079,136,2509,198,129,56,1570,177,449,105
9700000US4206390,4206390,"Commodore Perry School District, Pennsylvania",1661,71,1491,78,41,16,170,36,15,8
9700000US4206420,4206420,"Conemaugh Township Area School District, Pennsylvania",3449,155,2994,180,63,43,455,125,36,30
9700000US4206430,4206430,"Conemaugh Valley School District, Pennsylvania",2705,101,2290,87,100,28,415,71,81,33
9700000US4206480,4206480,"Conestoga Valley School District, Pennsylvania",11877,312,7702,361,724,160,4175,277,552,179
9700000US4206550,4206550,"Conewago Valley School District, Pennsylvania",10376,317,7933,343,166,78,2443,222,317,117
9700000US4206590,4206590,"Conneaut School District, Pennsylvania",7302,207,5998,204,389,76,1304,143,183,46
9700000US4206660,4206660,"Connellsville Area School District, Pennsylvania",14258,348,10841,356,532,137,3417,281,621,120
9700000US4206780,4206780,"Conrad Weiser Area School District, Pennsylvania",7216,211,5799,222,142,72,1417,173,84,38
9700000US4206810,4206810,"Cornell School District, Pennsylvania",3229,210,1553,123,107,62,1676,182,437,142
9700000US4206840,4206840,"Cornwall-Lebanon School District, Pennsylvania",13533,316,10933,366,224,87,2600,247,261,90
9700000US4206860,4206860,"Corry Area School District, Pennsylvania",5429,164,3867,193,235,66,1562,194,324,113
9700000US4206930,4206930,"Coudersport Area School District, Pennsylvania",2337,110,1736,124,58,27,601,83,101,38
9700000US4206960,4206960,"Council Rock School District, Pennsylvania",26012,365,23248,458,280,95,2764,374,410,105
9700000US4207050,4207050,"Cranberry Area School District, Pennsylvania",3979,166,3104,177,93,44,875,117,105,51
9700000US4207080,4207080,"Crawford Central School District, Pennsylvania",12833,326,8183,314,198,63,4650,378,1033,235
9700000US4207110,4207110,"Cumberland Valley School District, Pennsylvania",22764,404,18610,489,423,155,4154,358,641,185
9700000US4207140,4207140,"Curwensville Area School District, Pennsylvania",2998,112,2425,109,78,30,573,84,100,45
9700000US4207200,4207200,"Dallas School District, Pennsylvania",7998,244,6239,270,123,66,1759,210,277,117
9700000US4207230,4207230,"Dallastown Area School District, Pennsylvania",16840,370,11975,453,222,94,4865,380,336,109
9700000US4207290,4207290,"Daniel Boone Area School District, Pennsylvania",7593,206,6347,253,117,63,1246,195,156,91
9700000US4207320,4207320,"Danville Area School District, Pennsylvania",7623,203,5625,234,128,46,1998,197,354,119
9700000US4207530,4207530,"Delaware Valley School District, Pennsylvania",10716,416,9041,388,210,89,1675,235,238,87
9700000US4207540,4207540,"Deer Lakes School District, Pennsylvania",5831,178,4866,242,133,65,965,213,214,132
9700000US4207560,4207560,"Derry Area School District, Pennsylvania",7326,238,5479,276,229,86,1847,222,376,125
9700000US4207590,4207590,"Derry Township School District, Pennsylvania",10026,333,6271,306,92,59,3755,303,471,129
9700000US4207650,4207650,"Donegal School District, Pennsylvania",8257,294,5860,347,133,78,2397,271,340,157
9700000US4207680,4207680,"Dover Area School District, Pennsylvania",10164,288,8139,372,184,80,2025,252,174,92
9700000US4207710,4207710,"Downingtown Area School District, Pennsylvania",24928,362,20618,394,434,135,4310,341,678,193
9700000US4207830,4207830,"DuBois Area School District, Pennsylvania",12744,336,9172,295,355,80,3572,263,994,234
9700000US4207980,4207980,"Dunmore School District, Pennsylvania",5845,230,3232,212,188,69,2613,238,270,116
9700000US4208010,4208010,"Duquesne City School District, Pennsylvania",2437,190,1061,113,145,60,1376,185,838,156
9700000US4208060,4208060,"East Allegheny School District, Pennsylvania",7122,280,4369,236,243,90,2753,251,761,158
9700000US4208280,4208280,"Forest Area School District, Pennsylvania",2227,458,1875,348,36,18,352,125,68,42
9700000US4208460,4208460,"Eastern Lebanon County School District, Pennsylvania",7859,250,6179,298,235,88,1680,227,259,125
9700000US4208490,4208490,"East Lycoming School District, Pennsylvania",3940,133,3256,118,64,30,684,90,42,22
9700000US4208550,4208550,"East Penn School District, Pennsylvania",21242,418,17085,453,419,115,4157,332,337,116
9700000US4208580,4208580,"East Pennsboro Area School District, Pennsylvania",8262,262,5597,283,118,86,2665,211,293,102
9700000US4208670,4208670,"East Stroudsburg Area School District, Pennsylvania",16301,578,12529,588,250,105,3772,331,667,176
9700000US4208790,4208790,"Eastern York School District, Pennsylvania",8143,279,6096,304,176,67,2047,229,141,70
9700000US4208820,4208820,"Eastern Lancaster County School District, Pennsylvania",10835,297,7781,326,845,190,3054,325,603,153
9700000US4208850,4208850,"Easton Area School District, Pennsylvania",23352,452,16632,473,502,130,6720,371,1584,244
9700000US4209090,4209090,"Elizabeth Forward School District, Pennsylvania",7638,187,6322,231,234,86,1316,189,159,64
9700000US4209120,4209120,"Elizabethtown Area School District, Pennsylvania",11206,408,7684,399,179,99,3522,363,583,177
9700000US4209150,4209150,"Elk Lake School District, Pennsylvania",2977,120,2342,88,52,23,635,85,50,26
9700000US4209240,4209240,"Ellwood City Area School District, Pennsylvania",6020,217,4517,227,162,55,1503,190,290,93
9700000US4209270,4209270,"Ephrata Area School District, Pennsylvania",13149,301,9128,377,287,96,4021,315,514,162
9700000US4209300,4209300,"Erie City School District, Pennsylvania",40894,682,21420,595,1070,158,19474,688,6922,548
9700000US4209360,4209360,"Everett Area School District, Pennsylvania",4047,173,3229,186,94,45,818,144,127,46
9700000US4209480,4209480,"Exeter Township School District, Pennsylvania",10211,212,8799,327,82,46,1412,199,93,38
9700000US4209540,4209540,"Fairfield Area School District, Pennsylvania",2970,136,2714,127,79,34,256,73,65,39
9700000US4209570,4209570,"Fairview School District, Pennsylvania",3705,122,3251,161,56,37,454,132,148,83
9700000US4209600,4209600,"Karns City Area School District, Pennsylvania",4031,129,3313,131,111,35,718,75,142,43
9700000US4209660,4209660,"Fannett-Metal School District, Pennsylvania",1617,142,1360,146,108,43,257,72,33,30
9700000US4209690,4209690,"Farrell Area School District, Pennsylvania",2369,191,1571,181,121,59,798,142,319,89
9700000US4209750,4209750,"Ferndale Area School District, Pennsylvania",2187,115,1492,82,72,24,695,90,161,48
9700000US4209780,4209780,"Fleetwood Area School District, Pennsylvania",6382,181,5165,260,105,51,1217,199,115,83
9700000US4209870,4209870,"Forbes Road School District, Pennsylvania",1202,73,1006,74,25,15,196,48,26,14
9700000US4209930,4209930,"Forest City Regional School District, Pennsylvania",2379,140,1799,135,47,29,580,76,93,46
9700000US4209940,4209940,"Forest Hills School District, Pennsylvania",5027,252,4351,250,180,91,676,123,84,46
9700000US4209960,4209960,"Fort Cherry School District, Pennsylvania",3443,137,2504,157,121,58,939,139,93,40
9700000US4209990,4209990,"Fort LeBoeuf School District, Pennsylvania",5599,202,4915,188,187,102,684,168,63,42
9700000US4210070,4210070,"Fox Chapel Area School District, Pennsylvania",11631,284,8389,310,295,106,3242,256,812,166
9700000US4210110,4210110,"North Schuylkill School District, Pennsylvania",6541,240,5187,281,219,77,1354,180,395,111
9700000US4210115,4210115,"North Star School District, Pennsylvania",3618,181,2975,152,78,38,643,121,110,43
9700000US4210200,4210200,"Franklin Area School District, Pennsylvania",6876,192,4998,218,185,52,1878,169,542,116
9700000US4210230,4210230,"Franklin Regional School District, Pennsylvania",9460,247,8103,270,162,61,1357,215,195,75
9700000US4210350,4210350,"Frazier School District, Pennsylvania",3364,174,2759,190,115,35,605,110,51,30
9700000US4210380,4210380,"Freedom Area School District, Pennsylvania",4723,167,3705,222,177,72,1018,151,173,58
9700000US4210440,4210440,"Freeport Area School District, Pennsylvania",4621,150,3913,161,110,56,708,141,36,18
9700000US4210530,4210530,"Galeton Area School District, Pennsylvania",1268,77,956,65,54,24,312,48,47,21
9700000US4210590,4210590,"Garnet Valley School District, Pennsylvania",10272,251,8121,314,368,169,2151,269,377,158
9700000US4210620,4210620,"Gateway School District, Pennsylvania",14128,305,9210,362,145,52,4918,308,867,192
9700000US4210650,4210650,"General McLane School District, Pennsylvania",6722,363,4634,302,64,37,2088,326,215,144
9700000US4210710,4210710,"Gettysburg Area School District, Pennsylvania",10197,280,7156,293,164,84,3041,302,386,150
9700000US4210740,4210740,"Girard School District, Pennsylvania",4306,228,3451,222,69,41,855,198,147,85
9700000US4210830,4210830,"Glendale School District, Pennsylvania",2205,111,1827,108,58,23,378,60,50,21
9700000US4210860,4210860,"Governor Mifflin School District, Pennsylvania",12970,304,9458,308,116,57,3512,272,498,188
9700000US4210870,4210870,"Great Valley School District, Pennsylvania",10902,313,8751,306,96,45,2151,249,140,77
9700000US4210920,4210920,"Greensburg Salem School District, Pennsylvania",11929,274,7083,317,271,84,4846,325,1114,216
9700000US4210950,4210950,"Greater Johnstown School District, Pennsylvania",13089,354,7559,336,601,127,5530,313,2519,204
9700000US4210980,4210980,"Greater Latrobe School District, Pennsylvania",12514,345,9552,398,391,120,2962,260,533,153
9700000US4211010,4211010,"Greencastle-Antrim School District, Pennsylvania",7393,224,5809,283,110,56,1584,231,70,55
9700000US4211160,4211160,"Greenville Area School District, Pennsylvania",4267,199,2827,192,89,43,1440,199,174,73
9700000US4211190,4211190,"Greenwood School District, Pennsylvania",2102,80,1709,80,54,22,393,59,20,17
9700000US4211220,4211220,"Grove City Area School District, Pennsylvania",6047,293,4423,250,120,62,1624,206,224,70
9700000US4211310,4211310,"Halifax Area School District, Pennsylvania",3086,134,2450,172,71,33,636,123,75,41
9700000US4211340,4211340,"Hamburg Area School District, Pennsylvania",6948,198,5384,202,159,55,1564,196,232,88
9700000US4211400,4211400,"Hampton Township School District, Pennsylvania",7004,213,6099,273,120,81,905,191,151,76
9700000US4211420,4211420,"Hanover Area School District, Pennsylvania",6758,213,4688,202,295,90,2070,215,475,116
9700000US4211450,4211450,"Hanover Public School District, Pennsylvania",6571,241,3721,253,186,90,2850,217,481,131
9700000US4211490,4211490,"Harbor Creek School District, Pennsylvania",5935,228,4932,254,126,59,1003,171,242,80
9700000US4211520,4211520,"Harmony Area School District, Pennsylvania",878,63,733,63,10,7,145,35,26,15
9700000US4211580,4211580,"Harrisburg City School District, Pennsylvania",20726,503,8451,452,806,178,12275,552,4756,466
9700000US4211610,4211610,"Hatboro-Horsham School District, Pennsylvania",12408,277,9348,366,192,109,3060,269,288,128
9700000US4211670,4211670,"Haverford Township School District, Pennsylvania",17659,301,15059,347,396,103,2600,255,482,121
9700000US4211700,4211700,"Hazleton Area School District, Pennsylvania",29341,495,20235,514,1045,156,9106,415,2120,251
9700000US4211730,4211730,"Saucon Valley School District, Pennsylvania",6500,208,5421,206,176,104,1079,190,221,70
9700000US4211760,4211760,"Hempfield Area School District, Pennsylvania",20418,490,16081,465,427,119,4337,388,758,184
9700000US4211790,4211790,"Hempfield School District, Pennsylvania",18514,341,14603,414,210,92,3911,366,313,127
9700000US4211820,4211820,"Hermitage School District, Pennsylvania",7237,239,5259,237,81,49,1978,200,378,118
9700000US4211880,4211880,"Highlands School District, Pennsylvania",8764,247,5642,317,231,88,3122,300,984,191
9700000US4211940,4211940,"Hollidaysburg Area School District, Pennsylvania",11301,292,8449,385,221,95,2852,314,415,131
9700000US4212030,4212030,"Hopewell Area School District, Pennsylvania",7485,203,6208,233,268,68,1277,200,127,54
9700000US4212090,4212090,"Huntingdon Area School District, Pennsylvania",6866,257,4898,258,153,52,1968,227,435,139
9700000US4212150,4212150,"Indiana Area School District, Pennsylvania",12837,450,7174,341,221,84,5663,414,1195,253
9700000US4212170,4212170,"Interboro School District, Pennsylvania",9376,297,6317,293,353,99,3059,275,464,176
9700000US4212210,4212210,"Iroquois School District, Pennsylvania",2684,136,2112,176,89,51,572,101,75,47
9700000US4212300,4212300,"Jamestown Area School District, Pennsylvania",1794,103,1516,86,82,28,278,70,45,25
9700000US4212330,4212330,"Jeannette City School District, Pennsylvania",4448,203,2842,199,193,76,1606,194,343,111
9700000US4212390,4212390,"Jefferson-Morgan School District, Pennsylvania",2529,115,2047,120,76,39,482,111,77,45
9700000US4212420,4212420,"Jenkintown School District, Pennsylvania",1936,128,1350,174,117,67,586,145,106,103
9700000US4212480,4212480,"Jersey Shore Area School District, Pennsylvania",7068,228,5501,254,166,55,1567,167,251,96
9700000US4212540,4212540,"Jim Thorpe Area School District, Pennsylvania",5914,294,4949,316,307,101,965,226,65,41
9700000US4212570,4212570,"Johnsonburg Area School District, Pennsylvania",2061,122,1614,131,79,42,447,80,79,52
9700000US4212600,4212600,"Juniata County School District, Pennsylvania",9027,207,6867,220,231,66,2160,218,340,83
9700000US4212630,4212630,"Juniata Valley School District, Pennsylvania",2155,98,1756,97,58,29,399,62,33,16
9700000US4212660,4212660,"Kane Area School District, Pennsylvania",3239,147,2346,150,84,36,893,137,201,69
9700000US4212690,4212690,"Kennett Consolidated School District, Pennsylvania",9786,330,6807,299,122,65,2979,293,520,182
9700000US4212720,4212720,"Keystone School District, Pennsylvania",3050,101,2432,93,112,37,618,78,81,28
9700000US4212725,4212725,"Keystone Central School District, Pennsylvania",14064,269,9958,260,415,79,4106,267,844,168
9700000US4212750,4212750,"Keystone Oaks School District, Pennsylvania",9632,252,6139,265,304,80,3493,280,793,170
9700000US4212840,4212840,"Kiski Area School District, Pennsylvania",11943,256,9351,300,356,80,2592,228,555,134
9700000US4212930,4212930,"Kutztown Area School District, Pennsylvania",5898,291,4313,290,119,68,1585,176,228,85
9700000US4212990,4212990,"Lackawanna Trail School District, Pennsylvania",3274,128,2691,131,42,23,583,78,88,35
9700000US4213020,4213020,"Lake-Lehman School District, Pennsylvania",5848,182,5086,195,91,38,762,115,33,21
9700000US4213050,4213050,"Lakeland School District, Pennsylvania",5148,180,4245,207,120,57,903,139,143,67
9700000US4213080,4213080,"Lakeview School District, Pennsylvania",3351,104,2823,102,199,38,528,66,71,25
9700000US4213110,4213110,"Lampeter-Strasburg School District, Pennsylvania",8671,290,6341,290,270,88,2330,309,383,154
9700000US4213140,4213140,"Lancaster School District, Pennsylvania",28559,645,13382,607,810,177,15177,649,4491,465
9700000US4213290,4213290,"Homer-Center School District, Pennsylvania",2588,143,1998,174,70,40,590,145,48,45
9700000US4213320,4213320,"Laurel Highlands School District, Pennsylvania",9544,275,6738,300,241,100,2806,325,456,141
9700000US4213380,4213380,"Laurel School District, Pennsylvania",3095,123,2583,152,108,47,512,101,56,36
9700000US4213440,4213440,"Lebanon School District, Pennsylvania",10311,361,4706,308,356,109,5605,360,1927,354
9700000US4213470,4213470,"Leechburg Area School District, Pennsylvania",2639,116,2062,121,106,36,577,96,154,51
9700000US4213500,4213500,"Lehighton Area School District, Pennsylvania",7018,253,5339,271,200,78,1679,204,332,126
9700000US4213590,4213590,"Lewisburg Area School District, Pennsylvania",6171,317,3936,325,39,30,2235,240,396,139
9700000US4213710,4213710,"Ligonier Valley School District, Pennsylvania",6864,215,5489,214,117,43,1375,163,272,104
9700000US4213770,4213770,"Penn Cambria School District, Pennsylvania",5234,228,4071,184,187,38,1163,126,147,38
9700000US4213980,4213980,"Littlestown Area School District, Pennsylvania",5663,209,4383,249,69,36,1280,203,169,82
9700000US4214100,4214100,"Lower Dauphin School District, Pennsylvania",9422,275,7440,290,132,61,1982,240,203,69
9700000US4214160,4214160,"Lower Merion School District, Pennsylvania",23957,368,18042,427,629,144,5915,359,793,179
9700000US4214190,4214190,"Lower Moreland Township School District, Pennsylvania",4524,154,3866,177,27,23,658,96,141,63
9700000US4214250,4214250,"Methacton School District, Pennsylvania",12251,336,9514,347,189,65,2737,287,262,80
9700000US4214310,4214310,"Loyalsock Township School District, Pennsylvania",5125,213,3930,239,87,96,1195,217,304,131
9700000US4214430,4214430,"Mahanoy Area School District, Pennsylvania",3319,200,2632,193,198,70,687,156,213,75
9700000US4214460,4214460,"Line Mountain School District, Pennsylvania",3634,135,2973,124,142,48,661,96,82,27
9700000US4214550,4214550,"Manheim Central School District, Pennsylvania",9415,250,7468,290,226,96,1947,274,193,108
9700000US4214580,4214580,"Manheim Township School District, Pennsylvania",15243,324,11238,413,179,75,4005,348,620,166
9700000US4214730,4214730,"Marion Center Area School District, Pennsylvania",3841,138,3232,127,204,50,609,82,88,45
9700000US4214760,4214760,"Marple Newtown School District, Pennsylvania",12925,308,10692,350,362,122,2233,244,343,138
9700000US4214790,4214790,"Mars Area School District, Pennsylvania",7464,266,6214,323,159,109,1250,213,220,103
9700000US4214850,4214850,"Central Fulton School District, Pennsylvania",2618,89,1856,76,57,19,762,80,129,41
9700000US4214880,4214880,"McGuffey School District, Pennsylvania",4910,142,4054,155,55,32,856,131,98,40
9700000US4214940,4214940,"McKeesport Area School District, Pennsylvania",13871,396,8389,339,752,151,5482,324,2169,276
9700000US4215030,4215030,"Mechanicsburg Area School District, Pennsylvania",11585,351,8021,356,204,101,3564,337,433,144
9700000US4215120,4215120,"Mercer Area School District, Pennsylvania",3747,143,3017,147,110,43,730,104,170,53
9700000US4215150,4215150,"Meyersdale Area School District, Pennsylvania",2722,99,2216,83,166,41,506,66,110,30
9700000US4215170,4215170,"Mid Valley School District, Pennsylvania",6621,222,4425,259,242,76,2196,258,417,136
9700000US4215210,4215210,"Midd-West School District, Pennsylvania",6404,195,5024,188,245,56,1380,140,133,39
9700000US4215240,4215240,"Middletown Area School District, Pennsylvania",7336,286,5016,245,157,60,2320,201,531,125
9700000US4215270,4215270,"Midland Borough School District, Pennsylvania",1130,110,601,120,79,51,529,93,183,83
9700000US4215290,4215290,"Mifflin County School District, Pennsylvania",17446,360,12698,345,876,145,4748,403,942,190
9700000US4215330,4215330,"Millcreek Township School District, Pennsylvania",22326,395,15728,474,403,112,6598,387,1181,220
9700000US4215360,4215360,"Millersburg Area School District, Pennsylvania",2930,184,2090,177,49,40,840,169,268,108
9700000US4215450,4215450,"Millville Area School District, Pennsylvania",2258,74,1780,78,65,31,478,63,33,18
9700000US4215480,4215480,"Milton Area School District, Pennsylvania",7150,238,5359,262,152,65,1791,252,288,138
9700000US4215510,4215510,"Minersville Area School District, Pennsylvania",3829,148,2812,186,152,50,1017,175,264,114
9700000US4215540,4215540,"Mohawk Area School District, Pennsylvania",4275,149,3641,204,128,53,634,135,65,33
9700000US4215600,4215600,"Monessen City School District, Pennsylvania",3603,201,2449,177,198,67,1154,152,479,130
9700000US4215660,4215660,"Montgomery Area School District, Pennsylvania",2305,135,1710,109,129,43,595,83,63,26
9700000US4215720,4215720,"Montour School District, Pennsylvania",11166,226,8424,278,266,87,2742,259,327,115
9700000US4215750,4215750,"Montoursville Area School District, Pennsylvania",5562,218,4607,227,64,36,955,146,64,56
9700000US4215810,4215810,"Montrose Area School District, Pennsylvania",4813,164,3854,145,70,26,959,124,152,54
9700000US4215830,4215830,"Moon Area School District, Pennsylvania",10913,371,7847,380,161,70,3066,292,282,112
9700000US4215900,4215900,"Morrisville Borough School District, Pennsylvania",3586,262,2162,259,94,47,1424,220,220,122
9700000US4215960,4215960,"Moshannon Valley School District, Pennsylvania",2696,159,2251,140,132,38,445,68,89,35
9700000US4215990,4215990,"Mount Carmel Area School District, Pennsylvania",5750,237,4118,263,269,84,1632,223,400,107
9700000US4216020,4216020,"Mount Union Area School District, Pennsylvania",4063,195,3048,167,148,53,1015,148,198,71
9700000US4216050,4216050,"Mountain View School District, Pennsylvania",3492,145,2881,143,58,23,611,93,48,23
9700000US4216110,4216110,"Mt. Lebanon School District, Pennsylvania",13920,323,10164,293,275,90,3756,274,916,197
9700000US4216170,4216170,"Mount Pleasant Area School District, Pennsylvania",7628,231,5776,249,220,79,1852,212,260,97
9700000US4216200,4216200,"Muhlenberg School District, Pennsylvania",9382,221,7738,312,213,83,1644,259,241,86
9700000US4216230,4216230,"Muncy School District, Pennsylvania",2983,168,2190,180,85,44,793,145,62,41
9700000US4216290,4216290,"Greater Nanticoke Area School District, Pennsylvania",7814,292,4800,286,364,110,3014,215,836,169
9700000US4216380,4216380,"Nazareth Area School District, Pennsylvania",9948,217,8044,261,141,57,1904,229,336,144
9700000US4216410,4216410,"Neshaminy School District, Pennsylvania",25311,441,19150,460,348,99,6161,381,613,151
9700000US4216440,4216440,"Neshannock Township School District, Pennsylvania",4326,190,3412,193,78,60,914,170,54,33
9700000US4216500,4216500,"Woodland Hills School District, Pennsylvania",22048,536,12914,449,828,145,9134,494,3078,306
9700000US4216530,4216530,"New Brighton Area School District, Pennsylvania",4676,204,2834,201,145,66,1842,206,540,157
9700000US4216620,4216620,"New Castle Area School District, Pennsylvania",10106,310,6199,286,382,93,3907,270,1263,214
9700000US4216740,4216740,"New Kensington-Arnold School District, Pennsylvania",8270,257,4596,252,261,77,3674,225,1360,218
9700000US4216860,4216860,"New Hope-Solebury School District, Pennsylvania",4673,149,3966,186,14,21,707,171,92,63
9700000US4216890,4216890,"Newport School District, Pennsylvania",3119,111,2250,90,114,46,869,106,129,37
9700000US4216980,4216980,"Norristown Area School District, Pennsylvania",25802,520,14565,478,262,87,11237,528,3155,322
9700000US4217010,4217010,"North Allegheny School District, Pennsylvania",19158,392,16223,395,380,93,2935,314,324,106
9700000US4217100,4217100,"Moniteau School District, Pennsylvania",3681,128,3041,127,90,24,640,76,75,35
9700000US4217130,4217130,"North Clarion County School District, Pennsylvania",1945,96,1633,100,77,38,312,60,34,23
9700000US4217160,4217160,"North East School District, Pennsylvania",4068,153,2896,151,34,28,1172,173,245,94
9700000US4217220,4217220,"North Hills School District, Pennsylvania",17012,334,12628,395,474,127,4384,313,766,201
9700000US4217280,4217280,"North Penn School District, Pennsylvania",38724,496,28058,641,712,146,10666,439,1588,263
9700000US4217310,4217310,"North Pocono School District, Pennsylvania",7812,261,6771,249,101,41,1041,168,210,117
9700000US4217370,4217370,"Northampton Area School District, Pennsylvania",16191,341,13710,431,483,137,2481,278,384,127
9700000US4217430,4217430,"Riverside Beaver County School District, Pennsylvania",4198,203,3618,217,121,65,580,145,103,60
9700000US4217460,4217460,"Northeast Bradford School District, Pennsylvania",2115,92,1726,99,53,23,389,65,38,21
9700000US4217520,4217520,"Northeastern York School District, Pennsylvania",8689,307,7213,355,194,101,1476,205,104,61
9700000US4217580,4217580,"Northern Bedford County School District, Pennsylvania",2476,86,2125,96,146,36,351,60,43,22
9700000US4217610,4217610,"Northern Cambria School District, Pennsylvania",3193,115,2553,146,189,82,640,120,132,77
9700000US4217640,4217640,"Northern Lebanon School District, Pennsylvania",6492,187,5284,230,112,48,1208,186,68,43
9700000US4217670,4217670,"Northern Lehigh School District, Pennsylvania",5127,137,3880,202,102,55,1247,186,305,117
9700000US4217700,4217700,"Northern Potter School District, Pennsylvania",1764,85,1343,79,61,23,421,56,61,28
9700000US4217730,4217730,"Northern Tioga School District, Pennsylvania",6006,199,4581,194,127,39,1425,133,215,42
9700000US4217760,4217760,"Northern York County School District, Pennsylvania",8373,236,6799,251,244,123,1574,205,146,66
9700000US4217770,4217770,"Northgate School District, Pennsylvania",6553,209,2839,194,227,72,3714,243,1121,182
9700000US4217790,4217790,"Northwest Area School District, Pennsylvania",3447,100,2927,113,96,32,520,88,92,49
9700000US4217850,4217850,"Northwestern Lehigh School District, Pennsylvania",5704,164,5166,186,75,52,538,137,62,69
9700000US4217880,4217880,"Northwestern School District, Pennsylvania",3875,158,3192,158,92,33,683,96,148,59
9700000US4217940,4217940,"Norwin School District, Pennsylvania",14385,280,11930,351,238,80,2455,259,332,119
9700000US4218030,4218030,"Octorara Area School District, Pennsylvania",6075,211,4814,200,345,74,1261,144,222,59
9700000US4218090,4218090,"Oil City Area School District, Pennsylvania",6051,173,4130,170,149,52,1921,179,510,120
9700000US4218120,4218120,"Old Forge School District, Pennsylvania",3695,206,2419,234,167,79,1276,218,279,114
9700000US4218150,4218150,"Oley Valley School District, Pennsylvania",5129,207,4478,225,61,44,651,163,13,20
9700000US4218210,4218210,"Oswayo Valley School District, Pennsylvania",1277,84,1009,74,32,18,268,56,48,24
9700000US4218240,4218240,"Otto-Eldred School District, Pennsylvania",1720,94,1391,97,27,13,329,55,78,30
9700000US4218270,4218270,"Owen J. Roberts School District, Pennsylvania",12221,273,9834,304,231,82,2387,260,233,116
9700000US4218300,4218300,"Oxford Area School District, Pennsylvania",7775,272,5529,301,169,55,2246,201,228,130
9700000US4218330,4218330,"Palisades School District, Pennsylvania",5816,205,4892,222,114,73,924,214,35,43
9700000US4218360,4218360,"Palmerton Area School District, Pennsylvania",5887,266,4969,283,164,99,918,189,321,135
9700000US4218390,4218390,"Palmyra Area School District, Pennsylvania",9512,228,7002,305,67,53,2510,285,305,122
9700000US4218450,4218450,"Panther Valley School District, Pennsylvania",5301,219,3616,275,257,93,1685,238,481,155
9700000US4218510,4218510,"Parkland School District, Pennsylvania",21171,377,17528,479,269,121,3643,342,462,117
9700000US4218570,4218570,"Pen Argyl Area School District, Pennsylvania",4898,165,3433,173,51,43,1465,169,191,82
9700000US4218580,4218580,"Penn-Delco School District, Pennsylvania",10211,244,8686,302,232,86,1525,241,123,55
9700000US4218590,4218590,"Penn Hills School District, Pennsylvania",18347,379,13956,442,747,148,4391,415,1211,243
9700000US4218630,4218630,"Penn Manor School District, Pennsylvania",15657,340,11696,383,383,114,3961,392,286,117
9700000US4218660,4218660,"Penn-Trafford School District, Pennsylvania",10044,311,8721,315,205,82,1323,196,205,77
9700000US4218740,4218740,"Penncrest School District, Pennsylvania",8987,218,7539,168,281,60,1448,161,149,48
9700000US4218750,4218750,"Pennridge School District, Pennsylvania",18136,336,14133,393,376,92,4003,387,230,84
9700000US4218780,4218780,"Penns Manor Area School District, Pennsylvania",2347,97,1867,114,105,40,480,79,61,27
9700000US4218810,4218810,"Penns Valley Area School District, Pennsylvania",4857,183,4004,211,313,64,853,161,148,73
9700000US4218840,4218840,"Pennsbury School District, Pennsylvania",26407,375,20817,456,293,96,5590,368,735,154
9700000US4218900,4218900,"Pequea Valley School District, Pennsylvania",6194,229,4391,296,1075,133,1803,215,716,153
9700000US4218930,4218930,"Perkiomen Valley School District, Pennsylvania",12089,331,10134,374,123,56,1955,282,181,99
9700000US4218960,4218960,"Peters Township School District, Pennsylvania",7456,241,6911,247,55,40,545,160,44,45
9700000US4218990,4218990,"Philadelphia City School District, Pennsylvania",580017,2572,308931,3048,60923,1729,271086,2743,131438,2609
9700000US4219020,4219020,"Philipsburg-Osceola Area School District, Pennsylvania",6409,237,4988,252,240,99,1421,223,425,155
9700000US4219050,4219050,"Phoenixville Area School District, Pennsylvania",13314,367,9397,397,349,107,3917,367,707,188
9700000US4219140,4219140,"Pine Grove Area School District, Pennsylvania",4592,170,3683,180,138,50,909,144,82,39
9700000US4219170,4219170,"Pittsburgh School District, Pennsylvania",134348,1253,65505,973,6942,429,68843,1137,27395,922
9700000US4219200,4219200,"Pittston Area School District, Pennsylvania",11908,323,8384,372,421,92,3524,315,745,158
9700000US4219290,4219290,"Pleasant Valley School District, Pennsylvania",11770,458,10347,524,436,205,1423,295,266,144
9700000US4219350,4219350,"Plum Borough School District, Pennsylvania",10768,235,8697,247,268,105,2071,265,258,84
9700000US4219470,4219470,"Colonial School District, Pennsylvania",17056,347,12090,430,374,100,4966,314,465,145
9700000US4219500,4219500,"Pocono Mountain School District, Pennsylvania",22334,636,18319,723,460,190,4015,490,422,143
9700000US4219530,4219530,"Port Allegany School District, Pennsylvania",2446,126,1857,128,77,39,589,85,143,52
9700000US4219560,4219560,"Portage Area School District, Pennsylvania",2658,128,2036,127,115,47,622,125,87,50
9700000US4219650,4219650,"Pottsgrove School District, Pennsylvania",7787,211,6506,224,103,50,1281,173,216,101
9700000US4219680,4219680,"Pottstown School District, Pennsylvania",9734,338,5629,267,221,78,4105,335,1425,223
9700000US4219710,4219710,"Pottsville Area School District, Pennsylvania",8526,297,5189,304,176,61,3337,306,1373,228
9700000US4219800,4219800,"Punxsutawney Area School District, Pennsylvania",8198,203,6150,211,402,75,2048,199,436,128
9700000US4219830,4219830,"Purchase Line School District, Pennsylvania",2813,138,2330,163,116,44,483,97,53,24
9700000US4219860,4219860,"Quaker Valley School District, Pennsylvania",5959,155,4327,140,208,66,1632,150,344,86
9700000US4219890,4219890,"Quakertown Community School District, Pennsylvania",13497,250,10761,323,234,92,2736,243,372,101
9700000US4219920,4219920,"Radnor Township School District, Pennsylvania",9759,365,6537,311,128,56,3222,257,341,114
9700000US4220040,4220040,"Reading School District, Pennsylvania",31005,662,13136,516,1389,178,17869,650,7469,549
9700000US4220100,4220100,"Red Lion Area School District, Pennsylvania",14612,340,11357,452,384,140,3255,334,176,96
9700000US4220130,4220130,"Redbank Valley School District, Pennsylvania",3411,118,2626,124,57,21,785,77,218,54
9700000US4220220,4220220,"Reynolds School District, Pennsylvania",4152,233,3579,245,226,92,573,137,170,89
9700000US4220250,4220250,"Richland School District, Pennsylvania",5796,224,4017,236,152,73,1779,196,309,102
9700000US4220310,4220310,"Ridgway Area School District, Pennsylvania",2864,135,2231,152,52,29,633,107,198,66
9700000US4220370,4220370,"Ridley School District, Pennsylvania",16020,323,11284,387,587,157,4736,362,1029,214
9700000US4220400,4220400,"Ringgold School District, Pennsylvania",11035,257,8481,297,353,92,2554,274,816,170
9700000US4220430,4220430,"Riverview School District, Pennsylvania",4128,148,2330,153,42,34,1798,171,276,97
9700000US4220460,4220460,"Rochester Area School District, Pennsylvania",3078,187,1897,172,64,37,1181,156,291,105
9700000US4220520,4220520,"Rockwood Area School District, Pennsylvania",2301,86,1977,87,61,23,324,36,34,13
9700000US4220550,4220550,"Rose Tree Media School District, Pennsylvania",13883,282,9621,285,329,116,4262,261,743,143
9700000US4220580,4220580,"South Fayette Township School District, Pennsylvania",5603,241,4517,172,65,54,1086,208,261,98
9700000US4220640,4220640,"St. Marys Area School District, Pennsylvania",8024,201,6524,262,194,70,1500,232,249,125
9700000US4220730,4220730,"Salisbury Township School District, Pennsylvania",5164,177,4530,248,100,51,634,138,87,50
9700000US4220760,4220760,"Salisbury-Elk Lick School District, Pennsylvania",1058,56,848,60,98,31,210,38,43,16
9700000US4220850,4220850,"Sayre Area School District, Pennsylvania",3452,193,2284,209,82,51,1168,211,198,96
9700000US4220910,4220910,"Schuylkill Haven Area School District, Pennsylvania",3344,154,2560,170,104,58,784,166,152,75
9700000US4220970,4220970,"Schuylkill Valley School District, Pennsylvania",4829,247,4112,250,133,70,717,137,27,25
9700000US4221090,4221090,"Scranton School District, Pennsylvania",29249,483,15659,496,1050,157,13590,509,3453,380
9700000US4221120,4221120,"Selinsgrove Area School District, Pennsylvania",7993,224,6013,227,360,86,1980,189,250,67
9700000US4221150,4221150,"Yough School District, Pennsylvania",6717,226,5210,203,170,66,1507,182,342,109
9700000US4221180,4221180,"Shade-Central City School District, Pennsylvania",1546,85,1249,84,61,26,297,77,67,29
9700000US4221200,4221200,"Shaler Area School District, Pennsylvania",16461,340,13324,293,451,121,3137,313,819,172
9700000US4221240,4221240,"Shamokin Area School District, Pennsylvania",8051,297,5732,303,379,105,2319,241,818,150
9700000US4221270,4221270,"Shanksville-Stonycreek School District, Pennsylvania",1143,68,998,70,42,19,145,34,5,7
9700000US4221330,4221330,"Sharon City School District, Pennsylvania",6009,254,3483,228,226,75,2526,216,937,169
9700000US4221420,4221420,"Sharpsville Area School District, Pennsylvania",3084,125,2309,142,77,37,775,111,99,39
9700000US4221490,4221490,"Shenandoah Valley School District, Pennsylvania",3275,171,2379,158,250,72,896,134,281,115
9700000US4221510,4221510,"Shenango Area School District, Pennsylvania",3093,181,2608,203,41,31,485,128,51,39
9700000US4221540,4221540,"Shikellamy School District, Pennsylvania",9700,233,6241,246,245,89,3459,265,827,162
9700000US4221570,4221570,"Shippensburg Area School District, Pennsylvania",10206,338,6493,350,283,103,3713,257,528,169
9700000US4221660,4221660,"Slippery Rock Area School District, Pennsylvania",7709,293,5385,201,111,33,2324,234,250,87
9700000US4221690,4221690,"Smethport Area School District, Pennsylvania",2389,128,1911,123,35,16,478,81,61,32
9700000US4221810,4221810,"Solanco School District, Pennsylvania",10885,336,8374,353,822,134,2511,272,671,157
9700000US4221840,4221840,"Somerset Area School District, Pennsylvania",7219,255,5156,230,148,56,2063,236,420,110
9700000US4221870,4221870,"Souderton Area School District, Pennsylvania",16729,295,12570,337,189,69,4159,279,642,125
9700000US4221910,4221910,"South Allegheny School District, Pennsylvania",5078,175,3860,189,286,80,1218,171,271,99
9700000US4221930,4221930,"South Butler County School District, Pennsylvania",7430,216,5969,212,88,44,1461,196,373,121
9700000US4222050,4222050,"South Middleton School District, Pennsylvania",5821,230,4814,296,135,71,1007,229,95,68
9700000US4222060,4222060,"South Park School District, Pennsylvania",5410,182,4358,240,111,92,1052,183,139,82
9700000US4222140,4222140,"South Williamsport Area School District, Pennsylvania",3978,164,2835,171,123,57,1143,171,149,95
9700000US4222170,4222170,"South Eastern School District, Pennsylvania",7161,280,6240,294,182,60,921,164,35,24
9700000US4222200,4222200,"Southeastern Greene School District, Pennsylvania",1854,97,1573,95,58,36,281,64,39,25
9700000US4222230,4222230,"South Side Area School District, Pennsylvania",2580,78,2264,100,45,28,316,81,64,46
9700000US4222260,4222260,"Southern Columbia Area School District, Pennsylvania",4439,168,3539,139,110,48,900,157,164,84
9700000US4222290,4222290,"Southern Fulton School District, Pennsylvania",2145,77,1753,82,81,28,392,63,20,17
9700000US4222320,4222320,"Southern Huntingdon County School District, Pennsylvania",3061,133,2565,131,58,20,496,85,60,23
9700000US4222350,4222350,"Southern Lehigh School District, Pennsylvania",7177,271,6446,273,123,59,731,151,129,56
9700000US4222370,4222370,"Southern Tioga School District, Pennsylvania",5972,341,4300,226,67,26,1672,214,210,75
9700000US4222380,4222380,"Southern York County School District, Pennsylvania",7985,214,6614,225,89,54,1371,205,134,71
9700000US4222400,4222400,"Southeast Delco School District, Pennsylvania",11109,302,8034,404,674,154,3075,272,1000,182
9700000US4222410,4222410,"Southmoreland School District, Pennsylvania",6374,226,4804,237,283,85,1570,225,409,99
9700000US4222440,4222440,"Seneca Valley School District, Pennsylvania",18326,325,14612,453,151,64,3714,373,429,115
9700000US4222470,4222470,"South Western School District, Pennsylvania",9924,287,8014,323,232,94,1910,262,239,111
9700000US4222530,4222530,"Spring Cove School District, Pennsylvania",5876,197,4255,224,155,53,1621,177,242,91
9700000US4222560,4222560,"Spring-Ford Area School District, Pennsylvania",17986,295,13711,375,227,111,4275,377,390,147
9700000US4222590,4222590,"Spring Grove Area School District, Pennsylvania",10179,254,8529,274,128,49,1650,198,129,88
9700000US4222600,4222600,"Springfield School District, Pennsylvania",9720,192,8533,211,233,71,1187,151,107,54
9700000US4222620,4222620,"Springfield Township School District, Pennsylvania",7355,170,5955,197,110,47,1400,157,299,87
9700000US4222710,4222710,"Saint Clair Area School District, Pennsylvania",3016,135,2183,134,133,45,833,127,212,81
9700000US4222740,4222740,"Tuscarora School District, Pennsylvania",6834,252,5417,264,75,51,1417,219,54,27
9700000US4222770,4222770,"State College Area School District, Pennsylvania",32865,564,14970,477,185,82,17895,703,3696,379
9700000US4222790,4222790,"Steel Valley School District, Pennsylvania",7494,255,4555,288,456,126,2939,261,1290,211
9700000US4222800,4222800,"Steelton-Highspire School District, Pennsylvania",3154,182,1703,181,78,41,1451,132,321,96
9700000US4222830,4222830,"Sto-Rox School District, Pennsylvania",5614,238,2597,214,375,94,3017,229,1370,210
9700000US4222860,4222860,"Stroudsburg Area School District, Pennsylvania",12442,419,9173,519,180,103,3269,395,648,199
9700000US4222920,4222920,"Sullivan County School District, Pennsylvania",2402,124,1996,108,46,17,406,58,82,33
9700000US4222980,4222980,"Susquehanna Community School District, Pennsylvania",2101,115,1595,116,27,17,506,79,91,30
9700000US4223010,4223010,"Susquehanna Township School District, Pennsylvania",10629,281,7592,365,210,104,3037,304,732,206
9700000US4223040,4223040,"Susquenita School District, Pennsylvania",6182,196,5035,207,118,38,1147,141,113,38
9700000US4223220,4223220,"Tamaqua Area School District, Pennsylvania",6972,220,5102,256,251,92,1870,256,415,121
9700000US4223250,4223250,"Riverside School District, Pennsylvania",4970,240,3598,275,183,95,1372,223,197,102
9700000US4223490,4223490,"Titusville Area School District, Pennsylvania",5505,173,3697,164,257,70,1808,172,448,108
9700000US4223550,4223550,"Towanda Area School District, Pennsylvania",4279,152,3069,140,100,44,1210,123,233,79
9700000US4223640,4223640,"Tredyffrin-Easttown School District, Pennsylvania",15841,282,12500,347,148,73,3341,257,317,102
9700000US4223700,4223700,"Tri-Valley School District, Pennsylvania",2663,114,2094,124,45,25,569,100,32,22
9700000US4223760,4223760,"Trinity Area School District, Pennsylvania",11087,279,8724,264,246,92,2363,211,722,155
9700000US4223790,4223790,"Troy Area School District, Pennsylvania",3929,136,3013,138,93,32,916,107,130,38
9700000US4223820,4223820,"Tulpehocken Area School District, Pennsylvania",4193,195,3481,192,65,36,712,133,25,26
9700000US4223850,4223850,"Tunkhannock Area School District, Pennsylvania",7493,173,5843,201,130,46,1650,156,209,62
9700000US4223880,4223880,"Turkeyfoot Valley Area School District, Pennsylvania",1165,66,879,78,13,8,286,51,48,21
9700000US4223970,4223970,"Tussey Mountain School District, Pennsylvania",2973,134,2411,143,142,40,562,74,109,41
9700000US4224000,4224000,"Twin Valley School District, Pennsylvania",8615,255,7093,265,313,122,1522,183,246,114
9700000US4224030,4224030,"Tyrone Area School District, Pennsylvania",5066,179,3801,188,59,33,1265,160,322,86
9700000US4224060,4224060,"Union Area School District, Pennsylvania",2332,124,1877,144,100,64,455,135,114,72
9700000US4224090,4224090,"Union City Area School District, Pennsylvania",2561,135,1996,126,103,41,565,130,153,56
9700000US4224120,4224120,"Union School District, Pennsylvania",1683,85,1194,74,33,15,489,71,95,33
9700000US4224150,4224150,"Uniontown Area School District, Pennsylvania",9284,372,5846,363,260,79,3438,283,1057,179
9700000US4224210,4224210,"Unionville-Chadds Ford School District, Pennsylvania",8382,220,7330,254,68,39,1052,157,68,38
9700000US4224240,4224240,"United School District, Pennsylvania",3161,99,2761,114,88,34,400,80,35,24
9700000US4224300,4224300,"Upper Adams School District, Pennsylvania",4006,170,3126,188,82,41,880,145,53,29
9700000US4224320,4224320,"Upper Darby School District, Pennsylvania",33150,573,19804,524,1281,190,13346,548,4168,353
9700000US4224360,4224360,"Upper Dauphin Area School District, Pennsylvania",3581,126,2692,130,186,43,889,96,100,41
9700000US4224390,4224390,"Upper Dublin School District, Pennsylvania",9312,251,8171,272,125,55,1141,155,289,80
9700000US4224480,4224480,"Upper Merion Area School District, Pennsylvania",14820,354,9411,327,269,91,5409,325,607,225
9700000US4224510,4224510,"Upper Moreland Township School District, Pennsylvania",9755,270,6126,279,258,103,3629,248,342,97
9700000US4224540,4224540,"Upper Perkiomen School District, Pennsylvania",8344,234,6884,247,120,60,1460,154,232,68
9700000US4224570,4224570,"Upper Saint Clair School District, Pennsylvania",6985,164,6338,200,102,55,647,121,140,46
9700000US4224630,4224630,"Valley Grove School District, Pennsylvania",2733,162,2197,205,56,47,536,124,44,42
9700000US4224650,4224650,"Valley View School District, Pennsylvania",7501,293,5572,322,326,128,1929,202,501,142
9700000US4224750,4224750,"Wallenpaupack Area School District, Pennsylvania",10250,282,8612,328,232,91,1638,222,224,92
9700000US4224790,4224790,"Wallingford-Swarthmore School District, Pennsylvania",7735,235,6477,214,121,71,1258,192,228,87
9700000US4224820,4224820,"Warren County School District, Pennsylvania",16120,244,12316,288,451,75,3804,246,906,146
9700000US4224870,4224870,"Warrior Run School District, Pennsylvania",5209,370,4051,312,168,51,1158,172,127,53
9700000US4224960,4224960,"Warwick School District, Pennsylvania",11865,311,8804,381,200,81,3061,271,338,107
9700000US4224970,4224970,"Wayne Highlands School District, Pennsylvania",8716,270,6660,283,158,54,2056,234,440,139
9700000US4224990,4224990,"Washington School District, Pennsylvania",6611,223,2930,190,85,47,3681,239,1173,190
9700000US4225080,4225080,"Wattsburg Area School District, Pennsylvania",3935,122,3640,117,95,44,295,61,4,8
9700000US4225110,4225110,"Waynesboro Area School District, Pennsylvania",12700,310,8890,315,199,73,3810,302,625,179
9700000US4225140,4225140,"Weatherly Area School District, Pennsylvania",1946,133,1662,113,61,22,284,67,65,34
9700000US4225170,4225170,"Wellsboro Area School District, Pennsylvania",5044,779,3835,602,68,41,1209,247,213,89
9700000US4225200,4225200,"West Allegheny School District, Pennsylvania",8494,275,6724,282,117,62,1770,259,149,95
9700000US4225230,4225230,"West Branch Area School District, Pennsylvania",2914,158,2530,174,61,40,384,110,47,30
9700000US4225290,4225290,"West Chester Area School District, Pennsylvania",40838,603,28560,611,389,103,12278,545,1383,219
9700000US4225440,4225440,"West Greene School District, Pennsylvania",1966,84,1476,90,53,18,490,66,39,18
9700000US4225590,4225590,"West Jefferson Hills School District, Pennsylvania",8104,219,6527,249,227,90,1577,207,383,107
9700000US4225650,4225650,"West Middlesex Area School District, Pennsylvania",2788,188,2361,156,250,79,427,92,26,20
9700000US4225680,4225680,"West Mifflin Area School District, Pennsylvania",9055,333,6933,362,388,94,2122,227,610,151
9700000US4225740,4225740,"West Perry School District, Pennsylvania",7043,158,5694,197,202,57,1349,176,106,48
9700000US4225830,4225830,"West Shore School District, Pennsylvania",25318,439,18124,498,469,154,7194,422,1258,238
9700000US4225950,4225950,"Wyoming Valley West School District, Pennsylvania",18762,458,11057,472,641,137,7705,420,1719,255
9700000US4225980,4225980,"West York Area School District, Pennsylvania",9932,238,7356,277,203,75,2576,203,508,113
9700000US4226010,4226010,"Mifflinburg Area School District, Pennsylvania",6407,211,4863,219,233,57,1544,166,226,83
9700000US4226040,4226040,"Western Beaver County School District, Pennsylvania",2158,92,1812,129,82,46,346,95,7,9
9700000US4226070,4226070,"Western Wayne School District, Pennsylvania",5856,298,4872,272,92,45,984,178,73,44
9700000US4226130,4226130,"Westmont Hilltop School District, Pennsylvania",5486,203,4329,283,97,60,1157,236,105,60
9700000US4226250,4226250,"Whitehall-Coplay School District, Pennsylvania",12658,332,7833,372,299,115,4825,359,695,194
9700000US4226300,4226300,"Wilkes-Barre Area School District, Pennsylvania",24106,514,13385,381,738,126,10721,512,3309,297
9700000US4226370,4226370,"Wilkinsburg Borough School District, Pennsylvania",7968,326,2979,292,381,125,4989,354,1916,226
9700000US4226390,4226390,"William Penn School District, Pennsylvania",15682,361,9787,381,748,147,5895,390,2128,253
9700000US4226400,4226400,"Williams Valley School District, Pennsylvania",2873,118,2286,127,99,30,587,82,120,37
9700000US4226430,4226430,"Williamsburg Community School District, Pennsylvania",1437,65,1041,70,37,17,396,54,67,26
9700000US4226460,4226460,"Williamsport Area School District, Pennsylvania",16137,392,9074,337,357,89,7063,404,1857,235
9700000US4226520,4226520,"Wilmington Area School District, Pennsylvania",4130,148,3341,170,291,87,789,125,136,52
9700000US4226550,4226550,"Wilson Area School District, Pennsylvania",6241,213,4496,294,149,65,1745,239,259,126
9700000US4226580,4226580,"Wilson School District, Pennsylvania",15225,404,11401,412,252,72,3824,388,444,165
9700000US4226610,4226610,"Windber Area School District, Pennsylvania",3756,158,2795,154,121,47,961,149,199,85
9700000US4226700,4226700,"Wyalusing Area School District, Pennsylvania",3456,140,2733,129,71,22,723,79,50,28
9700000US4226730,4226730,"Wyoming Area School District, Pennsylvania",8528,307,6112,291,268,85,2416,270,436,133
9700000US4226760,4226760,"Wyomissing Area School District, Pennsylvania",5009,203,3679,218,182,73,1330,191,281,100
9700000US4226820,4226820,"York City School District, Pennsylvania",16161,455,6874,404,398,101,9287,403,3763,357
9700000US4226850,4226850,"York Suburban School District, Pennsylvania",8231,217,6612,239,120,61,1619,233,120,69
9700000US4299997,4299997,"School District Not Defined, Pennsylvania",0,10,0,10,0,10,0,10,0,10
