GEO.id,GEO.id2,GEO.display-label,HC01_EST_VC01,HC01_MOE_VC01,HC02_EST_VC01,HC02_MOE_VC01,HC03_EST_VC01,HC03_MOE_VC01,HC01_EST_VC03,HC01_MOE_VC03,HC02_EST_VC03,HC02_MOE_VC03,HC03_EST_VC03,HC03_MOE_VC03,HC01_EST_VC05,HC01_MOE_VC05,HC02_EST_VC05,HC02_MOE_VC05,HC03_EST_VC05,HC03_MOE_VC05,HC01_EST_VC06,HC01_MOE_VC06,HC02_EST_VC06,HC02_MOE_VC06,HC03_EST_VC06,HC03_MOE_VC06
Id,Id2,Geography,Total; Estimate; Population for whom poverty status is determined,Total; Margin of Error; Population for whom poverty status is determined,Below poverty level; Estimate; Population for whom poverty status is determined,Below poverty level; Margin of Error; Population for whom poverty status is determined,Percent below poverty level; Estimate; Population for whom poverty status is determined,Percent below poverty level; Margin of Error; Population for whom poverty status is determined,Total; Estimate; AGE - Under 18 years,Total; Margin of Error; AGE - Under 18 years,Below poverty level; Estimate; AGE - Under 18 years,Below poverty level; Margin of Error; AGE - Under 18 years,Percent below poverty level; Estimate; AGE - Under 18 years,Percent below poverty level; Margin of Error; AGE - Under 18 years,Total; Estimate; AGE - 18 to 64 years,Total; Margin of Error; AGE - 18 to 64 years,Below poverty level; Estimate; AGE - 18 to 64 years,Below poverty level; Margin of Error; AGE - 18 to 64 years,Percent below poverty level; Estimate; AGE - 18 to 64 years,Percent below poverty level; Margin of Error; AGE - 18 to 64 years,Total; Estimate; AGE - 65 years and over,Total; Margin of Error; AGE - 65 years and over,Below poverty level; Estimate; AGE - 65 years and over,Below poverty level; Margin of Error; AGE - 65 years and over,Percent below poverty level; Estimate; AGE - 65 years and over,Percent below poverty level; Margin of Error; AGE - 65 years and over
9700000US4200824,4200824,"Central Valley School District, Pennsylvania",17905,151,1810,425,10.1,2.4,3615,294,516,210,14.3,5.4,10951,333,1011,319,9.2,2.9,3339,218,283,100,8.5,2.9
9700000US4202010,4202010,"Abington Heights School District, Pennsylvania",22594,497,822,212,3.6,0.9,5467,397,177,86,3.2,1.6,13414,372,485,125,3.6,0.9,3713,314,160,75,4.3,2.0
9700000US4202040,4202040,"Abington School District, Pennsylvania",57092,187,3652,561,6.4,1.0,12423,402,830,252,6.7,2.0,35195,462,2135,354,6.1,1.0,9474,366,687,158,7.3,1.7
9700000US4202100,4202100,"Albert Gallatin Area School District, Pennsylvania",23273,414,5368,799,23.1,3.4,4889,361,1772,389,36.2,7.1,14497,469,3120,534,21.5,3.5,3887,302,476,143,12.2,3.4
9700000US4202130,4202130,"Aliquippa School District, Pennsylvania",9267,113,1973,444,21.3,4.8,2031,239,588,235,29.0,10.8,5446,257,1097,228,20.1,4.3,1790,193,288,110,16.1,5.8
9700000US4202190,4202190,"Allegheny Valley School District, Pennsylvania",9513,166,854,247,9.0,2.6,1525,130,259,124,17.0,7.8,5775,160,435,133,7.5,2.3,2213,116,160,62,7.2,2.8
9700000US4202280,4202280,"Allentown City School District, Pennsylvania",113031,473,31479,2251,27.8,2.0,31079,704,13288,1294,42.8,3.9,68964,748,16760,1179,24.3,1.7,12988,475,1431,282,11.0,2.1
9700000US4202310,4202310,"Allegheny-Clarion Valley School District, Pennsylvania",5550,280,699,109,12.6,2.1,1121,140,214,65,19.1,5.9,3372,176,373,63,11.1,2.0,1057,98,112,42,10.6,3.9
9700000US4202340,4202340,"Altoona Area School District, Pennsylvania",57942,379,10653,959,18.4,1.6,12501,418,3254,569,26.0,4.1,35732,450,6550,563,18.3,1.6,9709,316,849,154,8.7,1.6
9700000US4202400,4202400,"Wissahickon School District, Pennsylvania",36096,226,1631,401,4.5,1.1,7717,320,273,137,3.5,1.8,21541,432,828,262,3.8,1.2,6838,385,530,137,7.8,2.0
9700000US4202440,4202440,"Ambridge Area School District, Pennsylvania",23616,159,4015,673,17.0,2.8,4676,264,1468,402,31.4,7.7,14806,290,2251,376,15.2,2.6,4134,240,296,96,7.2,2.2
9700000US4202480,4202480,"Antietam School District, Pennsylvania",7590,39,1172,345,15.4,4.5,1815,172,458,205,25.2,10.2,4781,159,644,177,13.5,3.8,994,121,70,37,7.0,3.6
9700000US4202490,4202490,"Annville-Cleona School District, Pennsylvania",10859,326,836,232,7.7,2.2,2311,159,191,80,8.3,3.5,6835,274,562,198,8.2,2.8,1713,122,83,41,4.8,2.4
9700000US4202550,4202550,"Apollo-Ridge School District, Pennsylvania",9473,235,1289,274,13.6,2.9,2019,196,417,144,20.7,7.0,5900,241,724,157,12.3,2.6,1554,189,148,72,9.5,4.6
9700000US4202590,4202590,"Armstrong School District, Pennsylvania",42564,387,6082,544,14.3,1.3,8642,297,1934,275,22.4,3.2,25901,322,3406,366,13.2,1.4,8021,231,742,177,9.3,2.2
9700000US4202670,4202670,"Athens Area School District, Pennsylvania",14057,310,1964,473,14.0,3.3,2990,242,511,198,17.1,6.5,8576,279,1197,328,14.0,3.8,2491,186,256,65,10.3,2.5
9700000US4202700,4202700,"Austin Area School District, Pennsylvania",1116,87,165,44,14.8,3.8,230,42,48,19,20.9,8.1,633,62,85,28,13.4,4.1,253,35,32,18,12.6,7.1
9700000US4202760,4202760,"Avella Area School District, Pennsylvania",4165,173,388,137,9.3,3.2,826,86,129,75,15.6,8.8,2663,103,218,69,8.2,2.5,676,52,41,18,6.1,2.7
9700000US4202790,4202790,"Avon Grove School District, Pennsylvania",30889,394,1290,334,4.2,1.1,9053,373,416,174,4.6,1.9,18412,348,650,182,3.5,1.0,3424,239,224,104,6.5,3.0
9700000US4202820,4202820,"Avonworth School District, Pennsylvania",10324,211,379,152,3.7,1.5,2427,144,40,27,1.6,1.1,6805,174,286,138,4.2,2.0,1092,94,53,33,4.9,3.0
9700000US4202850,4202850,"Pine-Richland School District, Pennsylvania",22743,85,785,399,3.5,1.8,6406,254,246,251,3.8,3.9,13794,247,391,174,2.8,1.3,2543,169,148,100,5.8,3.8
9700000US4202910,4202910,"Bald Eagle Area School District, Pennsylvania",13463,363,1328,266,9.9,1.9,2829,184,399,139,14.1,4.6,8711,255,827,156,9.5,1.7,1923,136,102,29,5.3,1.5
9700000US4202970,4202970,"Baldwin-Whitehall School District, Pennsylvania",35387,120,3307,684,9.3,1.9,6952,400,1232,399,17.7,5.1,21393,338,1582,375,7.4,1.8,7042,300,493,145,7.0,2.0
9700000US4203000,4203000,"Bangor Area School District, Pennsylvania",22774,370,1513,427,6.6,1.9,4772,339,474,206,9.9,4.2,14106,369,875,264,6.2,1.8,3896,309,164,66,4.2,1.7
9700000US4203120,4203120,"Beaver Area School District, Pennsylvania",14346,155,647,178,4.5,1.2,3004,221,151,85,5.0,2.8,8070,206,321,94,4.0,1.2,3272,176,175,65,5.3,2.0
9700000US4203180,4203180,"Bedford Area School District, Pennsylvania",16009,328,1906,396,11.9,2.5,3251,233,468,214,14.4,6.3,9370,250,1084,217,11.6,2.3,3388,139,354,94,10.4,2.7
9700000US4203210,4203210,"Belle Vernon Area School District, Pennsylvania",18586,293,2000,404,10.8,2.2,3475,285,571,192,16.4,5.4,11365,386,1242,297,10.9,2.6,3746,323,187,67,5.0,1.8
9700000US4203240,4203240,"Bellefonte Area School District, Pennsylvania",23513,326,2403,558,10.2,2.4,4974,244,786,282,15.8,5.6,14994,308,1274,370,8.5,2.5,3545,300,343,134,9.7,3.6
9700000US4203300,4203300,"Bellwood-Antis School District, Pennsylvania",8339,143,750,291,9.0,3.5,1964,238,248,140,12.6,7.1,5148,244,423,180,8.2,3.5,1227,194,79,53,6.4,4.2
9700000US4203330,4203330,"Bensalem Township School District, Pennsylvania",60250,145,3876,615,6.4,1.0,12361,569,1275,319,10.3,2.5,39472,469,2095,345,5.3,0.9,8417,418,506,152,6.0,1.8
9700000US4203360,4203360,"Bentworth School District, Pennsylvania",8235,241,1126,198,13.7,2.4,1762,149,387,122,22.0,6.4,4971,229,663,122,13.3,2.4,1502,122,76,31,5.1,2.0
9700000US4203390,4203390,"Benton Area School District, Pennsylvania",4934,231,520,134,10.5,2.6,925,131,182,77,19.7,7.3,3030,147,280,77,9.2,2.5,979,71,58,19,5.9,2.0
9700000US4203420,4203420,"Berlin Brothersvalley School District, Pennsylvania",5299,217,571,131,10.8,2.4,1077,92,240,77,22.3,7.2,3220,152,237,63,7.4,1.9,1002,72,94,47,9.4,4.6
9700000US4203450,4203450,"Bermudian Springs School District, Pennsylvania",12993,276,904,227,7.0,1.7,2932,174,261,98,8.9,3.3,8296,260,503,133,6.1,1.6,1765,148,140,118,7.9,6.4
9700000US4203480,4203480,"Berwick Area School District, Pennsylvania",22017,368,2783,597,12.6,2.7,4438,271,735,239,16.6,5.1,13474,377,1691,439,12.6,3.3,4105,253,357,118,8.7,2.8
9700000US4203510,4203510,"Bethel Park School District, Pennsylvania",32731,198,1127,349,3.4,1.1,6822,312,312,194,4.6,2.8,19550,310,467,159,2.4,0.8,6359,266,348,121,5.5,1.9
9700000US4203570,4203570,"Bethlehem Area School District, Pennsylvania",110301,565,15590,1137,14.1,1.0,23280,618,4781,620,20.5,2.4,69077,719,9628,782,13.9,1.1,17944,481,1181,244,6.6,1.3
9700000US4203600,4203600,"Bethlehem-Center School District, Pennsylvania",8694,300,1131,249,13.0,2.8,1767,209,367,119,20.8,6.7,5439,281,678,155,12.5,2.9,1488,135,86,36,5.8,2.3
9700000US4203630,4203630,"Big Beaver Falls Area School District, Pennsylvania",12418,319,2854,417,23.0,3.2,2510,282,1050,275,41.8,8.8,7717,311,1606,278,20.8,3.3,2191,203,198,67,9.0,3.0
9700000US4203660,4203660,"Big Spring School District, Pennsylvania",20727,298,1942,336,9.4,1.6,4610,224,745,190,16.2,3.9,13223,274,1008,191,7.6,1.4,2894,181,189,49,6.5,1.7
9700000US4203688,4203688,"Blackhawk School District, Pennsylvania",17786,249,1359,266,7.6,1.5,3616,202,345,132,9.5,3.6,10668,302,807,173,7.6,1.7,3502,268,207,119,5.9,3.4
9700000US4203690,4203690,"Blacklick Valley School District, Pennsylvania",5369,213,762,265,14.2,4.8,1168,174,330,165,28.3,11.5,3216,185,346,111,10.8,3.5,985,131,86,45,8.7,4.5
9700000US4203750,4203750,"Blairsville-Saltsburg School District, Pennsylvania",14036,299,2106,343,15.0,2.4,2769,247,547,174,19.8,5.8,8670,313,1298,233,15.0,2.6,2597,222,261,82,10.1,3.1
9700000US4203840,4203840,"Bloomsburg Area School District, Pennsylvania",17027,511,5066,653,29.8,3.6,2861,220,542,150,18.9,5.1,11985,496,4301,607,35.9,4.3,2181,166,223,85,10.2,3.7
9700000US4203870,4203870,"Blue Mountain School District, Pennsylvania",20085,404,1195,334,5.9,1.6,4056,280,362,185,8.9,4.4,12592,325,716,182,5.7,1.4,3437,255,117,51,3.4,1.5
9700000US4203900,4203900,"Blue Ridge School District, Pennsylvania",8007,412,986,198,12.3,2.3,1850,238,336,128,18.2,6.1,4829,249,533,105,11.0,2.1,1328,136,117,42,8.8,3.0
9700000US4203960,4203960,"Boyertown Area School District, Pennsylvania",46598,297,2114,455,4.5,1.0,10592,386,598,205,5.6,1.9,28546,443,1237,300,4.3,1.1,7460,359,279,109,3.7,1.5
9700000US4204020,4204020,"Bradford Area School District, Pennsylvania",18541,282,3599,484,19.4,2.6,4057,205,1146,242,28.2,5.8,11469,232,2205,307,19.2,2.7,3015,150,248,76,8.2,2.6
9700000US4204050,4204050,"Brandywine Heights Area School District, Pennsylvania",12825,304,618,180,4.8,1.4,2390,266,48,42,2.0,1.8,8362,326,371,129,4.4,1.5,2073,194,199,94,9.6,4.5
9700000US4204080,4204080,"Brownsville Area School District, Pennsylvania",13220,346,2613,443,19.8,3.3,2768,320,1018,245,36.8,8.2,7612,409,1367,275,18.0,3.5,2840,368,228,101,8.0,3.5
9700000US4204090,4204090,"Bryn Athyn School District, Pennsylvania",1214,109,58,60,4.8,4.9,246,47,0,10,0.0,9.7,745,102,37,34,5.0,4.6,223,68,21,48,9.4,19.9
9700000US4204140,4204140,"Brentwood Borough School District, Pennsylvania",9623,34,1444,357,15.0,3.7,1695,212,425,192,25.1,9.7,6525,228,889,224,13.6,3.5,1403,176,130,117,9.3,8.0
9700000US4204200,4204200,"Bristol Borough School District, Pennsylvania",9681,38,986,309,10.2,3.2,2198,252,370,170,16.8,7.2,6136,273,505,184,8.2,3.0,1347,174,111,61,8.2,4.4
9700000US4204230,4204230,"Bristol Township School District, Pennsylvania",54232,132,4624,948,8.5,1.7,11447,558,1490,541,13.0,4.4,35999,499,2637,517,7.3,1.5,6786,379,497,166,7.3,2.5
9700000US4204260,4204260,"Brockway Area School District, Pennsylvania",7340,233,1012,186,13.8,2.5,1547,131,362,112,23.4,6.4,4442,196,526,94,11.8,2.2,1351,82,124,37,9.2,2.7
9700000US4204320,4204320,"Brookville Area School District, Pennsylvania",11558,287,1350,189,11.7,1.6,2391,137,416,109,17.4,4.3,6973,227,762,108,10.9,1.5,2194,123,172,53,7.8,2.4
9700000US4204500,4204500,"Burgettstown Area School District, Pennsylvania",9818,208,823,224,8.4,2.3,1923,183,163,87,8.5,4.5,6212,187,545,156,8.8,2.5,1683,122,115,49,6.8,2.9
9700000US4204530,4204530,"Burrell School District, Pennsylvania",13817,127,1335,433,9.7,3.1,2478,307,350,270,14.1,9.5,8567,302,763,243,8.9,2.8,2772,192,222,85,8.0,3.2
9700000US4204590,4204590,"Butler Area School District, Pennsylvania",53429,395,7169,852,13.4,1.6,11359,363,2277,419,20.0,3.5,32525,352,4212,511,13.0,1.6,9545,341,680,145,7.1,1.5
9700000US4204710,4204710,"California Area School District, Pennsylvania",9876,443,2296,332,23.2,3.2,1427,196,284,150,19.9,9.3,6544,424,1859,283,28.4,3.8,1905,183,153,64,8.0,3.2
9700000US4204740,4204740,"Cambria Heights School District, Pennsylvania",9553,255,918,179,9.6,1.8,1961,114,258,93,13.2,4.6,5851,197,529,109,9.0,1.8,1741,128,131,43,7.5,2.5
9700000US4204830,4204830,"Cameron County School District, Pennsylvania",4923,59,646,144,13.1,2.9,903,19,235,76,26.0,8.4,2963,20,320,86,10.8,2.9,1057,44,91,44,8.6,4.1
9700000US4204860,4204860,"Camp Hill School District, Pennsylvania",7698,105,397,159,5.2,2.1,1631,137,102,66,6.3,4.1,4838,159,225,109,4.7,2.2,1229,125,70,43,5.7,3.3
9700000US4204890,4204890,"Canon-McMillan School District, Pennsylvania",33711,135,1725,396,5.1,1.2,7309,316,396,162,5.4,2.2,20902,401,961,254,4.6,1.2,5500,319,368,123,6.7,2.1
9700000US4204920,4204920,"Canton Area School District, Pennsylvania",6604,381,1119,200,16.9,2.9,1545,193,357,100,23.1,6.1,3915,263,641,114,16.4,2.8,1144,124,121,42,10.6,3.5
9700000US4204980,4204980,"Carbondale Area School District, Pennsylvania",10686,200,2236,424,20.9,4.0,2237,270,869,268,38.8,9.4,6430,257,1079,199,16.8,3.3,2019,171,288,86,14.3,4.2
9700000US4205010,4205010,"Carlisle Area School District, Pennsylvania",33948,401,4105,759,12.1,2.2,7609,383,1459,401,19.2,4.9,21244,509,2352,453,11.1,2.1,5095,305,294,83,5.8,1.6
9700000US4205040,4205040,"Carlynton School District, Pennsylvania",14408,55,2340,445,16.2,3.1,2687,298,937,319,34.9,9.5,9676,296,1207,231,12.5,2.4,2045,150,196,73,9.6,3.5
9700000US4205070,4205070,"Carmichaels Area School District, Pennsylvania",6873,91,1047,351,15.2,5.1,1721,217,402,242,23.4,12.8,3816,241,534,186,14.0,4.9,1336,202,111,66,8.3,4.9
9700000US4205160,4205160,"Catasauqua Area School District, Pennsylvania",10895,117,910,415,8.4,3.8,2161,182,322,222,14.9,10.0,6920,231,495,216,7.2,3.1,1814,138,93,80,5.1,4.3
9700000US4205190,4205190,"Centennial School District, Pennsylvania",48299,273,3147,567,6.5,1.2,9503,362,824,285,8.7,2.9,27853,450,1757,326,6.3,1.2,10943,421,566,161,5.2,1.5
9700000US4205310,4205310,"Central Bucks School District, Pennsylvania",110796,706,4658,771,4.2,0.7,28374,575,1364,438,4.8,1.5,66169,671,2469,374,3.7,0.6,16253,574,825,212,5.1,1.3
9700000US4205340,4205340,"Central Cambria School District, Pennsylvania",12992,225,1287,381,9.9,2.9,2734,211,414,224,15.1,8.2,8051,271,742,202,9.2,2.5,2207,171,131,56,5.9,2.6
9700000US4205370,4205370,"Central Columbia School District, Pennsylvania",15020,389,1386,308,9.2,2.1,2907,217,253,112,8.7,3.9,9630,270,851,245,8.8,2.5,2483,210,282,101,11.4,3.7
9700000US4205400,4205400,"Central Dauphin School District, Pennsylvania",87894,477,6699,1197,7.6,1.4,19191,634,2246,598,11.7,3.1,56334,688,3959,701,7.0,1.2,12369,407,494,147,4.0,1.2
9700000US4205430,4205430,"Central Greene School District, Pennsylvania",11769,453,1709,400,14.5,3.4,2403,207,380,166,15.8,6.6,7391,343,1156,260,15.6,3.5,1975,172,173,60,8.8,3.0
9700000US4205460,4205460,"Crestwood School District, Pennsylvania",19923,289,845,243,4.2,1.2,4610,204,116,69,2.5,1.5,12269,275,606,210,4.9,1.7,3044,169,123,62,4.0,2.1
9700000US4205490,4205490,"Central York School District, Pennsylvania",34004,479,1728,442,5.1,1.3,7787,472,459,300,5.9,3.7,20887,404,901,203,4.3,1.0,5330,264,368,131,6.9,2.4
9700000US4205550,4205550,"Chambersburg Area School District, Pennsylvania",65749,409,8090,1141,12.3,1.7,15232,501,2732,570,17.9,3.7,38273,488,4400,588,11.5,1.5,12244,396,958,259,7.8,2.1
9700000US4205640,4205640,"Charleroi School District, Pennsylvania",11897,156,2014,420,16.9,3.5,2336,178,684,215,29.3,8.8,7303,218,1103,256,15.1,3.5,2258,191,227,76,10.1,3.2
9700000US4205700,4205700,"Chartiers Valley School District, Pennsylvania",30205,167,2273,554,7.5,1.8,5178,279,724,279,14.0,5.1,19152,385,1201,302,6.3,1.6,5875,306,348,108,5.9,1.8
9700000US4205730,4205730,"Chartiers-Houston School District, Pennsylvania",8868,169,547,213,6.2,2.4,1830,233,103,86,5.6,4.8,5205,299,306,134,5.9,2.6,1833,224,138,70,7.5,4.0
9700000US4205760,4205760,"Cheltenham Township School District, Pennsylvania",35435,346,2982,659,8.4,1.9,7534,401,805,338,10.7,4.3,22133,441,1946,393,8.8,1.8,5768,356,231,78,4.0,1.4
9700000US4205860,4205860,"Chester-Upland School District, Pennsylvania",38210,284,12281,954,32.1,2.5,10432,531,4986,586,47.8,4.5,23293,550,6583,556,28.3,2.4,4485,236,712,161,15.9,3.5
9700000US4205880,4205880,"Chestnut Ridge School District, Pennsylvania",10862,402,1066,206,9.8,1.9,2417,198,310,100,12.8,3.9,6619,273,554,114,8.4,1.7,1826,128,202,64,11.1,3.5
9700000US4205910,4205910,"Chichester School District, Pennsylvania",24564,250,2580,544,10.5,2.2,5476,323,846,263,15.4,4.7,15863,282,1485,321,9.4,2.0,3225,242,249,85,7.7,2.6
9700000US4206030,4206030,"Clairton City School District, Pennsylvania",6754,48,1945,332,28.8,5.0,1226,180,446,152,36.4,11.4,4402,173,1350,257,30.7,5.4,1126,100,149,50,13.2,4.3
9700000US4206060,4206060,"Clarion Area School District, Pennsylvania",7058,304,1591,264,22.5,3.4,1124,171,250,141,22.2,10.3,4752,245,1200,209,25.3,4.0,1182,118,141,60,11.9,4.9
9700000US4206090,4206090,"Clarion-Limestone Area School District, Pennsylvania",7873,269,2109,333,26.8,4.3,1449,196,432,187,29.8,10.6,5287,230,1570,273,29.7,5.0,1137,155,107,51,9.4,4.2
9700000US4206120,4206120,"Claysburg-Kimmel School District, Pennsylvania",5737,139,963,264,16.8,4.5,1219,197,319,149,26.2,10.6,3645,204,556,140,15.3,3.8,873,160,88,38,10.1,4.7
9700000US4206150,4206150,"Clearfield Area School District, Pennsylvania",18342,240,2497,454,13.6,2.5,3757,276,686,209,18.3,5.3,11124,296,1468,292,13.2,2.6,3461,251,343,101,9.9,2.8
9700000US4206240,4206240,"Coatesville Area School District, Pennsylvania",63080,221,8128,939,12.9,1.5,15630,479,3075,534,19.7,3.3,39458,536,4574,538,11.6,1.4,7992,331,479,153,6.0,1.9
9700000US4206270,4206270,"Cocalico School District, Pennsylvania",23037,272,1485,355,6.4,1.5,5960,303,480,187,8.1,3.1,14277,324,802,210,5.6,1.5,2800,253,203,102,7.3,3.6
9700000US4206360,4206360,"Columbia Borough School District, Pennsylvania",10147,70,1968,450,19.4,4.5,2628,193,840,277,32.0,9.5,6063,171,962,228,15.9,3.7,1456,171,166,106,11.4,6.9
9700000US4206390,4206390,"Commodore Perry School District, Pennsylvania",4068,185,429,98,10.5,2.3,772,84,162,56,21.0,7.3,2601,132,216,49,8.3,1.8,695,51,51,20,7.3,2.9
9700000US4206420,4206420,"Conemaugh Township Area School District, Pennsylvania",8145,255,768,259,9.4,3.2,1424,159,212,131,14.9,9.0,4895,226,434,146,8.9,3.1,1826,149,122,66,6.7,3.6
9700000US4206430,4206430,"Conemaugh Valley School District, Pennsylvania",6533,196,586,142,9.0,2.1,1259,97,174,70,13.8,5.2,3921,124,338,88,8.6,2.2,1353,91,74,34,5.5,2.4
9700000US4206480,4206480,"Conestoga Valley School District, Pennsylvania",33013,87,3666,778,11.1,2.4,8924,401,1516,502,17.0,5.3,18836,442,1671,376,8.9,2.0,5253,304,479,153,9.1,2.8
9700000US4206550,4206550,"Conewago Valley School District, Pennsylvania",26734,584,2410,512,9.0,1.9,6276,338,975,287,15.5,4.3,16117,438,1135,240,7.0,1.5,4341,217,300,112,6.9,2.6
9700000US4206590,4206590,"Conneaut School District, Pennsylvania",17826,411,2397,304,13.4,1.7,3832,268,837,162,21.8,4.1,10575,296,1307,170,12.4,1.6,3419,156,253,49,7.4,1.5
9700000US4206660,4206660,"Connellsville Area School District, Pennsylvania",33959,415,6214,790,18.3,2.3,6847,342,2152,416,31.4,5.6,21309,399,3524,443,16.5,2.1,5803,260,538,141,9.3,2.4
9700000US4206780,4206780,"Conrad Weiser Area School District, Pennsylvania",18979,384,1616,349,8.5,1.8,4061,256,522,191,12.9,4.5,11685,305,898,215,7.7,1.8,3233,200,196,94,6.1,2.9
9700000US4206810,4206810,"Cornell School District, Pennsylvania",6723,90,1353,397,20.1,5.9,1347,287,494,291,36.7,17.1,4240,255,701,175,16.5,4.3,1136,139,158,82,13.9,6.7
9700000US4206840,4206840,"Cornwall-Lebanon School District, Pennsylvania",33785,286,1714,385,5.1,1.1,7019,301,430,176,6.1,2.4,20344,338,983,253,4.8,1.2,6422,277,301,92,4.7,1.4
9700000US4206860,4206860,"Corry Area School District, Pennsylvania",14414,330,2969,494,20.6,3.3,3694,260,1188,251,32.2,6.1,8611,354,1567,281,18.2,3.0,2109,184,214,80,10.1,3.6
9700000US4206930,4206930,"Coudersport Area School District, Pennsylvania",5505,206,640,131,11.6,2.4,1224,106,198,67,16.2,5.3,3235,136,369,89,11.4,2.7,1046,74,73,27,7.0,2.7
9700000US4206960,4206960,"Council Rock School District, Pennsylvania",72227,154,1771,426,2.5,0.6,17087,511,298,128,1.7,0.7,44706,490,998,308,2.2,0.7,10434,408,475,150,4.6,1.4
9700000US4207050,4207050,"Cranberry Area School District, Pennsylvania",9191,212,1059,223,11.5,2.4,1769,182,301,114,17.0,5.9,5513,203,627,150,11.4,2.7,1909,187,131,57,6.9,2.8
9700000US4207080,4207080,"Crawford Central School District, Pennsylvania",28793,385,4603,622,16.0,2.1,6076,318,1439,331,23.7,5.0,17707,473,2850,422,16.1,2.3,5010,261,314,105,6.3,2.1
9700000US4207110,4207110,"Cumberland Valley School District, Pennsylvania",54812,294,2115,570,3.9,1.0,11754,345,627,321,5.3,2.7,33885,472,1203,290,3.6,0.9,9173,319,285,87,3.1,1.0
9700000US4207140,4207140,"Curwensville Area School District, Pennsylvania",7185,266,969,250,13.5,3.4,1427,111,295,153,20.7,10.5,4347,229,563,122,13.0,2.7,1411,124,111,46,7.9,3.2
9700000US4207200,4207200,"Dallas School District, Pennsylvania",19345,208,1346,337,7.0,1.7,4027,290,280,137,7.0,3.4,12042,337,819,268,6.8,2.2,3276,316,247,84,7.5,2.5
9700000US4207230,4207230,"Dallastown Area School District, Pennsylvania",40553,354,3164,576,7.8,1.4,9294,424,1090,301,11.7,3.1,24240,448,1770,340,7.3,1.4,7019,307,304,107,4.3,1.5
9700000US4207290,4207290,"Daniel Boone Area School District, Pennsylvania",21075,162,1046,366,5.0,1.7,5362,325,291,153,5.4,2.8,12957,231,683,278,5.3,2.1,2756,227,72,45,2.6,1.6
9700000US4207320,4207320,"Danville Area School District, Pennsylvania",18322,331,1829,320,10.0,1.7,3618,186,547,174,15.1,4.7,11349,173,1073,195,9.5,1.7,3355,152,209,78,6.2,2.3
9700000US4207530,4207530,"Delaware Valley School District, Pennsylvania",28747,220,2357,507,8.2,1.8,6591,322,617,226,9.4,3.4,17775,335,1449,343,8.2,1.9,4381,312,291,80,6.6,1.8
9700000US4207540,4207540,"Deer Lakes School District, Pennsylvania",14158,135,909,287,6.4,2.0,2979,159,256,166,8.6,5.5,8968,256,526,187,5.9,2.0,2211,199,127,73,5.7,3.2
9700000US4207560,4207560,"Derry Area School District, Pennsylvania",17371,175,2602,476,15.0,2.8,3467,340,852,234,24.6,6.7,10432,377,1528,310,14.6,2.9,3472,232,222,79,6.4,2.2
9700000US4207590,4207590,"Derry Township School District, Pennsylvania",24431,43,2644,627,10.8,2.6,5070,286,336,169,6.6,3.3,15571,318,2127,589,13.7,3.6,3790,244,181,62,4.8,1.7
9700000US4207650,4207650,"Donegal School District, Pennsylvania",20970,517,2149,668,10.2,3.1,4846,460,797,402,16.4,7.3,13701,417,1190,332,8.7,2.4,2423,209,162,95,6.7,3.8
9700000US4207680,4207680,"Dover Area School District, Pennsylvania",25628,293,1731,387,6.8,1.5,5851,436,474,263,8.1,4.4,15839,447,934,198,5.9,1.3,3938,302,323,113,8.2,2.7
9700000US4207710,4207710,"Downingtown Area School District, Pennsylvania",68798,144,2035,424,3.0,0.6,18183,448,267,113,1.5,0.6,43794,467,1433,313,3.3,0.7,6821,280,335,143,4.9,2.1
9700000US4207830,4207830,"DuBois Area School District, Pennsylvania",30296,345,4648,700,15.3,2.3,6465,321,1461,324,22.6,4.7,18557,380,2782,444,15.0,2.3,5274,301,405,100,7.7,1.9
9700000US4207980,4207980,"Dunmore School District, Pennsylvania",13279,251,1419,388,10.7,2.9,2541,243,492,266,19.4,9.7,8171,369,764,184,9.4,2.2,2567,187,163,90,6.3,3.4
9700000US4208010,4208010,"Duquesne City School District, Pennsylvania",5575,27,2103,366,37.7,6.6,1515,195,826,178,54.5,12.1,3202,166,1177,242,36.8,6.8,858,110,100,70,11.7,7.7
9700000US4208060,4208060,"East Allegheny School District, Pennsylvania",14910,379,2659,503,17.8,3.4,2778,293,887,281,31.9,8.1,9407,357,1487,285,15.8,3.1,2725,196,285,94,10.5,3.3
9700000US4208280,4208280,"Forest Area School District, Pennsylvania",5234,1075,807,229,15.4,2.3,755,216,200,63,26.5,11.1,2950,868,464,220,15.7,3.6,1529,59,143,49,9.4,3.2
9700000US4208460,4208460,"Eastern Lebanon County School District, Pennsylvania",20659,302,1494,406,7.2,2.0,5226,320,486,223,9.3,4.2,11516,267,850,268,7.4,2.3,3917,193,158,66,4.0,1.7
9700000US4208490,4208490,"East Lycoming School District, Pennsylvania",10101,304,1172,309,11.6,3.2,2251,142,455,186,20.2,8.0,6275,204,585,146,9.3,2.4,1575,119,132,40,8.4,2.3
9700000US4208550,4208550,"East Penn School District, Pennsylvania",54514,272,3236,641,5.9,1.2,12610,364,1127,343,8.9,2.6,33457,423,1782,372,5.3,1.1,8447,329,327,119,3.9,1.4
9700000US4208580,4208580,"East Pennsboro Area School District, Pennsylvania",19759,209,1533,484,7.8,2.5,4374,247,427,207,9.8,4.7,12739,299,887,290,7.0,2.3,2646,179,219,103,8.3,3.9
9700000US4208670,4208670,"East Stroudsburg Area School District, Pennsylvania",45549,346,6123,977,13.4,2.1,10532,677,1774,446,16.8,4.1,29231,662,4007,642,13.7,2.1,5786,538,342,156,5.9,2.6
9700000US4208790,4208790,"Eastern York School District, Pennsylvania",19793,344,1844,387,9.3,1.9,4236,288,743,259,17.5,5.6,12671,361,1012,199,8.0,1.6,2886,221,89,56,3.1,1.9
9700000US4208820,4208820,"Eastern Lancaster County School District, Pennsylvania",32160,221,3196,800,9.9,2.5,9191,410,1482,570,16.1,5.9,17623,409,1261,303,7.2,1.8,5346,266,453,147,8.5,2.8
9700000US4208850,4208850,"Easton Area School District, Pennsylvania",60179,490,6878,844,11.4,1.4,14124,520,2274,439,16.1,3.0,36971,681,3930,522,10.6,1.4,9084,365,674,163,7.4,1.8
9700000US4209090,4209090,"Elizabeth Forward School District, Pennsylvania",17960,98,1216,265,6.8,1.5,3500,209,321,156,9.2,4.3,10675,273,730,155,6.8,1.4,3785,304,165,68,4.4,1.8
9700000US4209120,4209120,"Elizabethtown Area School District, Pennsylvania",27543,610,1935,420,7.0,1.5,6583,472,402,205,6.1,3.1,16336,510,1181,261,7.2,1.5,4624,319,352,133,7.6,2.9
9700000US4209150,4209150,"Elk Lake School District, Pennsylvania",7842,347,1045,195,13.3,2.4,1904,203,376,108,19.7,5.4,4625,200,541,101,11.7,2.1,1313,111,128,38,9.7,2.9
9700000US4209240,4209240,"Ellwood City Area School District, Pennsylvania",13960,266,1567,281,11.2,2.0,2691,173,475,136,17.7,5.0,8542,214,843,157,9.9,1.8,2727,186,249,71,9.1,2.6
9700000US4209270,4209270,"Ephrata Area School District, Pennsylvania",33093,161,2481,615,7.5,1.9,7619,314,794,356,10.4,4.5,21104,391,1429,295,6.8,1.4,4370,284,258,118,5.9,2.7
9700000US4209300,4209300,"Erie City School District, Pennsylvania",96375,403,26827,1415,27.8,1.5,23093,636,9510,820,41.2,3.1,61056,709,15572,898,25.5,1.4,12226,394,1745,259,14.3,2.1
9700000US4209360,4209360,"Everett Area School District, Pennsylvania",9383,380,1436,293,15.3,3.0,1832,213,436,153,23.8,7.3,5642,262,814,174,14.4,3.0,1909,123,186,78,9.7,3.9
9700000US4209480,4209480,"Exeter Township School District, Pennsylvania",27065,148,1325,320,4.9,1.2,6773,291,365,158,5.4,2.3,16668,328,811,190,4.9,1.1,3624,265,149,71,4.1,2.0
9700000US4209540,4209540,"Fairfield Area School District, Pennsylvania",7839,232,313,119,4.0,1.5,1586,131,76,50,4.8,3.1,4981,178,172,76,3.5,1.5,1272,126,65,42,5.1,3.2
9700000US4209570,4209570,"Fairview School District, Pennsylvania",9678,140,587,272,6.1,2.8,2167,181,275,191,12.7,8.4,5860,250,267,112,4.6,1.9,1651,177,45,44,2.7,2.7
9700000US4209600,4209600,"Karns City Area School District, Pennsylvania",10398,420,1459,257,14.0,2.4,2300,196,505,131,22.0,5.1,6275,302,801,142,12.8,2.2,1823,166,153,48,8.4,2.4
9700000US4209660,4209660,"Fannett-Metal School District, Pennsylvania",4522,212,697,246,15.4,5.5,1216,175,266,156,21.9,12.9,2664,188,412,125,15.5,4.8,642,89,19,18,3.0,2.8
9700000US4209690,4209690,"Farrell Area School District, Pennsylvania",5599,163,1565,364,28.0,6.6,1492,218,644,251,43.2,14.9,3081,246,781,166,25.3,5.5,1026,141,140,54,13.6,5.0
9700000US4209750,4209750,"Ferndale Area School District, Pennsylvania",5155,329,945,195,18.3,3.5,1326,174,418,127,31.5,7.8,2950,212,467,87,15.8,2.8,879,90,60,25,6.8,2.7
9700000US4209780,4209780,"Fleetwood Area School District, Pennsylvania",16637,58,1177,422,7.1,2.5,3817,237,437,296,11.4,7.5,10614,228,627,190,5.9,1.8,2206,197,113,57,5.1,2.6
9700000US4209870,4209870,"Forbes Road School District, Pennsylvania",2907,195,293,64,10.1,2.1,557,82,57,22,10.2,3.9,1730,139,166,55,9.6,3.0,620,55,70,22,11.3,3.4
9700000US4209930,4209930,"Forest City Regional School District, Pennsylvania",5721,372,766,197,13.4,3.3,1072,163,238,88,22.2,7.3,3520,256,415,120,11.8,3.3,1129,137,113,41,10.0,3.5
9700000US4209940,4209940,"Forest Hills School District, Pennsylvania",12515,201,1230,352,9.8,2.8,2412,227,372,181,15.4,6.8,7295,327,623,187,8.5,2.5,2808,322,235,111,8.4,3.8
9700000US4209960,4209960,"Fort Cherry School District, Pennsylvania",8581,273,621,217,7.2,2.5,1693,167,163,98,9.6,5.8,5379,196,416,147,7.7,2.7,1509,125,42,29,2.8,1.9
9700000US4209990,4209990,"Fort LeBoeuf School District, Pennsylvania",14209,367,864,262,6.1,1.8,3010,249,213,114,7.1,3.5,8682,269,451,150,5.2,1.7,2517,192,200,105,7.9,4.2
9700000US4210070,4210070,"Fox Chapel Area School District, Pennsylvania",28531,203,2381,465,8.3,1.6,6656,286,598,201,9.0,3.0,16961,343,1484,299,8.7,1.8,4914,229,299,93,6.1,1.9
9700000US4210110,4210110,"North Schuylkill School District, Pennsylvania",15076,384,1666,381,11.1,2.6,2804,219,427,236,15.2,8.0,9404,310,1017,197,10.8,2.1,2868,195,222,74,7.7,2.5
9700000US4210115,4210115,"North Star School District, Pennsylvania",9073,278,972,256,10.7,2.8,1740,181,280,116,16.1,6.2,5579,232,474,131,8.5,2.4,1754,167,218,95,12.4,5.2
9700000US4210200,4210200,"Franklin Area School District, Pennsylvania",16016,245,2379,294,14.9,1.8,3108,201,715,151,23.0,4.6,9972,252,1399,157,14.0,1.6,2936,175,265,96,9.0,3.2
9700000US4210230,4210230,"Franklin Regional School District, Pennsylvania",22997,248,1043,296,4.5,1.3,4859,228,287,164,5.9,3.4,13609,343,500,146,3.7,1.1,4529,242,256,95,5.7,2.1
9700000US4210350,4210350,"Frazier School District, Pennsylvania",8275,356,1301,276,15.7,3.3,1706,184,434,158,25.4,8.2,5009,282,732,161,14.6,3.2,1560,190,135,45,8.7,2.7
9700000US4210380,4210380,"Freedom Area School District, Pennsylvania",11025,173,1232,337,11.2,3.1,2134,177,434,170,20.3,7.9,6641,208,649,202,9.8,3.0,2250,120,149,76,6.6,3.4
9700000US4210440,4210440,"Freeport Area School District, Pennsylvania",11585,174,803,288,6.9,2.5,2590,219,211,99,8.1,3.7,7163,241,501,220,7.0,3.1,1832,145,91,52,5.0,2.8
9700000US4210530,4210530,"Galeton Area School District, Pennsylvania",2946,183,505,89,17.1,2.9,555,91,128,47,23.1,8.2,1760,117,321,65,18.2,3.4,631,60,56,18,8.9,2.9
9700000US4210590,4210590,"Garnet Valley School District, Pennsylvania",26787,202,1016,471,3.8,1.8,6304,352,291,227,4.6,3.6,14734,385,478,258,3.2,1.8,5749,355,247,128,4.3,2.2
9700000US4210620,4210620,"Gateway School District, Pennsylvania",31124,142,2550,466,8.2,1.5,5625,256,586,228,10.4,4.1,19383,398,1454,305,7.5,1.6,6116,315,510,139,8.3,2.2
9700000US4210650,4210650,"General McLane School District, Pennsylvania",16090,431,2399,429,14.9,2.7,3415,333,419,159,12.3,4.4,10701,456,1890,369,17.7,3.2,1974,175,90,55,4.6,2.8
9700000US4210710,4210710,"Gettysburg Area School District, Pennsylvania",23789,434,3062,559,12.9,2.3,4889,343,1209,306,24.7,5.9,14190,365,1587,334,11.2,2.4,4710,246,266,91,5.6,1.9
9700000US4210740,4210740,"Girard School District, Pennsylvania",11135,59,865,274,7.8,2.5,2502,279,297,127,11.9,4.9,6836,221,478,166,7.0,2.4,1797,170,90,60,5.0,3.4
9700000US4210830,4210830,"Glendale School District, Pennsylvania",5552,251,972,225,17.5,3.7,1109,141,290,112,26.1,8.9,3459,178,567,130,16.4,3.5,984,92,115,39,11.7,3.8
9700000US4210860,4210860,"Governor Mifflin School District, Pennsylvania",30372,180,2001,460,6.6,1.5,6209,436,466,187,7.5,2.9,18677,426,1131,275,6.1,1.5,5486,330,404,178,7.4,3.1
9700000US4210870,4210870,"Great Valley School District, Pennsylvania",28570,288,1095,273,3.8,0.9,6811,349,189,107,2.8,1.6,17426,397,758,226,4.3,1.3,4333,224,148,78,3.4,1.8
9700000US4210920,4210920,"Greensburg Salem School District, Pennsylvania",25142,344,3435,538,13.7,2.1,4550,402,1070,317,23.5,6.5,15524,430,1987,308,12.8,2.0,5068,358,378,213,7.5,4.0
9700000US4210950,4210950,"Greater Johnstown School District, Pennsylvania",27238,250,7741,656,28.4,2.5,5217,306,2533,364,48.6,5.9,16268,360,4296,401,26.4,2.6,5753,300,912,158,15.9,2.6
9700000US4210980,4210980,"Greater Latrobe School District, Pennsylvania",29627,347,2679,610,9.0,2.0,6134,441,847,415,13.8,6.1,17829,475,1467,284,8.2,1.6,5664,345,365,127,6.4,2.2
9700000US4211010,4211010,"Greencastle-Antrim School District, Pennsylvania",18809,233,1245,305,6.6,1.6,4614,256,249,136,5.4,3.0,11409,301,756,212,6.6,1.8,2786,208,240,127,8.6,4.5
9700000US4211160,4211160,"Greenville Area School District, Pennsylvania",9696,249,1515,350,15.6,3.6,2037,157,524,202,25.7,9.5,5632,216,857,188,15.2,3.3,2027,135,134,69,6.6,3.4
9700000US4211190,4211190,"Greenwood School District, Pennsylvania",5233,225,344,76,6.6,1.5,1090,119,78,34,7.2,3.0,3278,171,208,44,6.3,1.4,865,71,58,24,6.7,2.8
9700000US4211220,4211220,"Grove City Area School District, Pennsylvania",14139,569,1010,215,7.1,1.5,2996,245,207,95,6.9,3.1,8676,410,641,156,7.4,1.7,2467,193,162,76,6.6,3.1
9700000US4211310,4211310,"Halifax Area School District, Pennsylvania",7809,289,812,244,10.4,3.2,1738,203,344,158,19.8,8.2,4838,222,378,117,7.8,2.4,1233,139,90,49,7.3,3.8
9700000US4211340,4211340,"Hamburg Area School District, Pennsylvania",17299,353,1663,426,9.6,2.5,3326,211,555,280,16.7,8.1,11023,291,919,193,8.3,1.8,2950,188,189,81,6.4,2.7
9700000US4211400,4211400,"Hampton Township School District, Pennsylvania",18341,54,731,264,4.0,1.4,4366,212,198,126,4.5,2.9,11041,252,391,175,3.5,1.6,2934,180,142,98,4.8,3.4
9700000US4211420,4211420,"Hanover Area School District, Pennsylvania",15272,134,2361,361,15.5,2.4,2756,162,724,185,26.3,6.2,9440,230,1364,218,14.4,2.4,3076,202,273,82,8.9,2.6
9700000US4211450,4211450,"Hanover Public School District, Pennsylvania",15117,107,1928,507,12.8,3.3,3254,332,693,302,21.3,8.3,9198,302,1041,266,11.3,2.9,2665,212,194,80,7.3,3.0
9700000US4211490,4211490,"Harbor Creek School District, Pennsylvania",15407,303,1223,350,7.9,2.3,3163,261,178,119,5.6,3.7,9625,315,864,298,9.0,3.0,2619,163,181,70,6.9,2.6
9700000US4211520,4211520,"Harmony Area School District, Pennsylvania",2263,159,372,104,16.4,4.4,440,76,101,49,23.0,10.0,1415,113,228,59,16.1,4.0,408,59,43,23,10.5,5.3
9700000US4211580,4211580,"Harrisburg City School District, Pennsylvania",48821,180,15611,1147,32.0,2.3,13210,564,6333,639,47.9,4.6,30929,558,8199,709,26.5,2.2,4682,261,1079,206,23.0,4.1
9700000US4211610,4211610,"Hatboro-Horsham School District, Pennsylvania",33175,195,1646,400,5.0,1.2,7820,330,270,164,3.5,2.1,21520,381,1083,312,5.0,1.5,3835,226,293,90,7.6,2.3
9700000US4211670,4211670,"Haverford Township School District, Pennsylvania",47024,234,1742,417,3.7,0.9,11426,339,479,208,4.2,1.8,28364,374,912,227,3.2,0.8,7234,251,351,149,4.9,2.0
9700000US4211700,4211700,"Hazleton Area School District, Pennsylvania",71856,581,12097,1229,16.8,1.7,15795,736,4742,681,30.0,3.7,43548,704,6212,661,14.3,1.5,12513,473,1143,211,9.1,1.6
9700000US4211730,4211730,"Saucon Valley School District, Pennsylvania",16572,59,831,286,5.0,1.7,3286,223,206,115,6.3,3.4,10153,246,473,181,4.7,1.8,3133,195,152,70,4.9,2.2
9700000US4211760,4211760,"Hempfield Area School District, Pennsylvania",47662,743,3358,480,7.0,1.0,9505,444,805,290,8.5,3.0,28918,695,2066,253,7.1,0.9,9239,475,487,131,5.3,1.4
9700000US4211790,4211790,"Hempfield School District, Pennsylvania",46845,157,3140,630,6.7,1.3,10343,406,553,262,5.3,2.5,29242,470,2198,534,7.5,1.8,7260,357,389,140,5.4,1.9
9700000US4211820,4211820,"Hermitage School District, Pennsylvania",15979,87,1231,275,7.7,1.7,3024,252,357,175,11.8,5.3,9013,282,720,174,8.0,1.9,3942,175,154,67,3.9,1.7
9700000US4211880,4211880,"Highlands School District, Pennsylvania",20476,169,2929,612,14.3,3.0,4026,259,966,321,24.0,7.3,12794,285,1703,342,13.3,2.7,3656,247,260,114,7.1,3.0
9700000US4211940,4211940,"Hollidaysburg Area School District, Pennsylvania",26027,297,2381,563,9.1,2.2,4810,299,680,264,14.1,5.4,16170,372,1394,365,8.6,2.3,5047,322,307,115,6.1,2.2
9700000US4212030,4212030,"Hopewell Area School District, Pennsylvania",17776,190,833,190,4.7,1.1,3410,222,191,93,5.6,2.8,10994,267,417,130,3.8,1.2,3372,204,225,91,6.7,2.6
9700000US4212090,4212090,"Huntingdon Area School District, Pennsylvania",15427,390,1688,356,10.9,2.3,3161,167,429,166,13.6,5.1,9284,286,993,221,10.7,2.3,2982,156,266,86,8.9,2.8
9700000US4212150,4212150,"Indiana Area School District, Pennsylvania",28111,638,6726,722,23.9,2.3,4360,292,521,151,11.9,3.3,19421,613,5890,663,30.3,2.9,4330,265,315,126,7.3,2.9
9700000US4212170,4212170,"Interboro School District, Pennsylvania",23296,143,1949,498,8.4,2.1,5089,337,626,291,12.3,5.3,15251,319,1033,236,6.8,1.6,2956,214,290,120,9.8,4.0
9700000US4212210,4212210,"Iroquois School District, Pennsylvania",7056,156,581,229,8.2,3.3,1665,179,196,130,11.8,7.8,4302,157,325,114,7.6,2.6,1089,104,60,42,5.5,4.0
9700000US4212300,4212300,"Jamestown Area School District, Pennsylvania",4442,306,612,171,13.8,3.6,920,149,198,90,21.5,8.7,2583,236,323,97,12.5,3.4,939,107,91,36,9.7,3.9
9700000US4212330,4212330,"Jeannette City School District, Pennsylvania",9512,58,1489,349,15.7,3.6,1773,206,496,246,28.0,11.9,5988,227,816,162,13.6,2.8,1751,194,177,79,10.1,4.3
9700000US4212390,4212390,"Jefferson-Morgan School District, Pennsylvania",6059,220,778,214,12.8,3.5,1203,147,224,116,18.6,9.0,3848,184,430,134,11.2,3.4,1008,103,124,40,12.3,4.0
9700000US4212420,4212420,"Jenkintown School District, Pennsylvania",4426,33,341,179,7.7,4.0,931,129,61,85,6.6,9.0,2599,165,194,111,7.5,4.1,896,141,86,90,9.6,9.7
9700000US4212480,4212480,"Jersey Shore Area School District, Pennsylvania",18508,553,1898,379,10.3,2.0,4535,314,729,263,16.1,5.4,11226,429,1002,168,8.9,1.5,2747,202,167,78,6.1,2.8
9700000US4212540,4212540,"Jim Thorpe Area School District, Pennsylvania",15739,273,1531,398,9.7,2.5,3662,291,625,284,17.1,7.4,9491,325,702,181,7.4,1.9,2586,269,204,103,7.9,3.9
9700000US4212570,4212570,"Johnsonburg Area School District, Pennsylvania",4704,230,575,231,12.2,4.7,1037,206,279,173,26.9,13.2,2736,160,266,90,9.7,3.2,931,121,30,20,3.2,2.1
9700000US4212600,4212600,"Juniata County School District, Pennsylvania",23726,164,2834,398,11.9,1.7,5611,57,1022,239,18.2,4.2,14018,102,1417,202,10.1,1.4,4097,116,395,138,9.6,3.3
9700000US4212630,4212630,"Juniata Valley School District, Pennsylvania",5322,263,536,152,10.1,2.8,1112,146,174,82,15.6,6.7,3300,177,259,91,7.8,2.6,910,79,103,38,11.3,3.9
9700000US4212660,4212660,"Kane Area School District, Pennsylvania",7187,216,1000,256,13.9,3.4,1492,125,348,140,23.3,8.5,4405,196,558,140,12.7,3.0,1290,126,94,42,7.3,3.2
9700000US4212690,4212690,"Kennett Consolidated School District, Pennsylvania",27117,283,1970,618,7.3,2.3,6829,382,817,420,12.0,5.7,16999,439,978,244,5.8,1.5,3289,317,175,81,5.3,2.4
9700000US4212720,4212720,"Keystone School District, Pennsylvania",7480,283,875,177,11.7,2.3,1575,151,267,82,17.0,4.9,4535,223,519,108,11.4,2.3,1370,114,89,31,6.5,2.3
9700000US4212725,4212725,"Keystone Central School District, Pennsylvania",34430,552,5736,476,16.7,1.4,7357,237,1662,277,22.6,3.7,21254,431,3665,315,17.2,1.4,5819,176,409,77,7.0,1.4
9700000US4212750,4212750,"Keystone Oaks School District, Pennsylvania",20618,202,1726,457,8.4,2.2,3149,302,447,258,14.2,7.4,14092,280,1003,236,7.1,1.7,3377,209,276,109,8.2,3.1
9700000US4212840,4212840,"Kiski Area School District, Pennsylvania",28612,369,2575,420,9.0,1.5,5553,306,492,188,8.9,3.2,17520,421,1717,305,9.8,1.7,5539,277,366,111,6.6,2.0
9700000US4212930,4212930,"Kutztown Area School District, Pennsylvania",14812,522,2024,457,13.7,3.0,2701,254,224,147,8.3,5.4,9655,422,1691,376,17.5,3.6,2456,235,109,69,4.4,2.8
9700000US4212990,4212990,"Lackawanna Trail School District, Pennsylvania",8352,366,884,217,10.6,2.5,1824,210,343,134,18.8,6.5,5286,230,471,110,8.9,2.1,1242,114,70,23,5.6,1.8
9700000US4213020,4213020,"Lake-Lehman School District, Pennsylvania",14803,294,1464,346,9.9,2.3,3084,234,447,183,14.5,5.4,9245,275,807,191,8.7,2.1,2474,212,210,92,8.5,3.7
9700000US4213050,4213050,"Lakeland School District, Pennsylvania",12382,324,1097,240,8.9,1.9,2290,266,219,80,9.6,3.5,7748,286,695,187,9.0,2.4,2344,246,183,77,7.8,3.3
9700000US4213080,4213080,"Lakeview School District, Pennsylvania",8430,262,1319,216,15.6,2.3,1909,157,549,151,28.8,6.4,5035,155,673,105,13.4,2.0,1486,93,97,26,6.5,1.7
9700000US4213110,4213110,"Lampeter-Strasburg School District, Pennsylvania",22552,221,1221,378,5.4,1.7,5418,434,334,162,6.2,3.0,11768,324,557,191,4.7,1.6,5366,357,330,126,6.1,2.3
9700000US4213140,4213140,"Lancaster School District, Pennsylvania",70569,778,18706,1373,26.5,1.9,17912,743,7215,831,40.3,3.9,45057,1011,10639,862,23.6,1.8,7600,399,852,182,11.2,2.4
9700000US4213290,4213290,"Homer-Center School District, Pennsylvania",6447,116,835,341,13.0,5.3,1396,191,334,197,23.9,12.5,3668,267,390,138,10.6,3.9,1383,180,111,68,8.0,4.7
9700000US4213320,4213320,"Laurel Highlands School District, Pennsylvania",22753,148,3155,442,13.9,2.0,4389,311,828,225,18.9,4.9,14092,355,2020,341,14.3,2.4,4272,291,307,84,7.2,2.0
9700000US4213380,4213380,"Laurel School District, Pennsylvania",8008,257,719,230,9.0,2.8,1803,177,255,137,14.1,7.2,4909,212,385,115,7.8,2.3,1296,157,79,40,6.1,3.1
9700000US4213440,4213440,"Lebanon School District, Pennsylvania",26247,167,7648,868,29.1,3.3,7254,352,3292,498,45.4,6.5,15608,319,3928,437,25.2,2.8,3385,220,428,139,12.6,4.2
9700000US4213470,4213470,"Leechburg Area School District, Pennsylvania",5971,285,799,240,13.4,3.8,1269,139,271,131,21.4,9.4,3512,194,435,136,12.4,3.7,1190,99,93,46,7.8,3.7
9700000US4213500,4213500,"Lehighton Area School District, Pennsylvania",17609,262,1928,443,10.9,2.5,3455,251,592,196,17.1,5.4,11163,315,1184,322,10.6,2.8,2991,228,152,84,5.1,2.7
9700000US4213590,4213590,"Lewisburg Area School District, Pennsylvania",13370,555,1782,406,13.3,3.0,2707,240,493,234,18.2,8.5,7793,458,1154,254,14.8,3.0,2870,251,135,63,4.7,2.2
9700000US4213710,4213710,"Ligonier Valley School District, Pennsylvania",15455,409,1461,262,9.5,1.7,2614,192,344,106,13.2,3.8,9505,384,894,175,9.4,1.9,3336,238,223,90,6.7,2.6
9700000US4213770,4213770,"Penn Cambria School District, Pennsylvania",12867,507,1720,232,13.4,1.6,2851,164,479,110,16.8,3.5,7996,377,1045,163,13.1,1.8,2020,119,196,67,9.7,3.1
9700000US4213980,4213980,"Littlestown Area School District, Pennsylvania",14960,502,759,275,5.1,1.8,3493,260,270,137,7.7,3.8,9267,386,426,147,4.6,1.6,2200,199,63,39,2.9,1.8
9700000US4214100,4214100,"Lower Dauphin School District, Pennsylvania",24750,121,1655,500,6.7,2.0,5819,277,375,204,6.4,3.5,15534,262,1133,352,7.3,2.3,3397,197,147,84,4.3,2.5
9700000US4214160,4214160,"Lower Merion School District, Pennsylvania",59248,554,3081,422,5.2,0.7,14012,431,210,97,1.5,0.7,33874,600,2166,392,6.4,1.1,11362,443,705,169,6.2,1.4
9700000US4214190,4214190,"Lower Moreland Township School District, Pennsylvania",12915,57,697,315,5.4,2.4,3037,173,194,164,6.4,5.3,7326,229,353,154,4.8,2.1,2552,183,150,69,5.9,2.6
9700000US4214250,4214250,"Methacton School District, Pennsylvania",33377,202,1020,331,3.1,1.0,8437,399,244,123,2.9,1.5,19899,361,633,220,3.2,1.1,5041,309,143,89,2.8,1.8
9700000US4214310,4214310,"Loyalsock Township School District, Pennsylvania",10386,159,728,243,7.0,2.3,1620,202,186,104,11.5,6.4,5765,292,333,132,5.8,2.3,3001,260,209,124,7.0,4.1
9700000US4214430,4214430,"Mahanoy Area School District, Pennsylvania",7973,404,1425,350,17.9,4.3,1796,197,482,221,26.8,11.7,4698,307,671,173,14.3,3.7,1479,150,272,87,18.4,5.2
9700000US4214460,4214460,"Line Mountain School District, Pennsylvania",8644,304,946,152,10.9,1.7,1781,135,407,95,22.9,5.3,5318,240,420,79,7.9,1.4,1545,131,119,38,7.7,2.4
9700000US4214550,4214550,"Manheim Central School District, Pennsylvania",24180,104,1326,404,5.5,1.7,5468,359,311,179,5.7,3.2,14615,362,719,227,4.9,1.6,4097,202,296,113,7.2,2.8
9700000US4214580,4214580,"Manheim Township School District, Pennsylvania",37268,207,1676,558,4.5,1.5,8845,448,621,344,7.0,3.8,21052,497,913,247,4.3,1.2,7371,410,142,104,1.9,1.4
9700000US4214730,4214730,"Marion Center Area School District, Pennsylvania",10323,331,1436,289,13.9,2.7,2373,181,539,173,22.7,6.7,6480,251,781,144,12.1,2.2,1470,146,116,48,7.9,3.1
9700000US4214760,4214760,"Marple Newtown School District, Pennsylvania",34937,175,1750,638,5.0,1.8,7427,349,358,316,4.8,4.3,20643,368,1132,355,5.5,1.7,6867,342,260,75,3.8,1.1
9700000US4214790,4214790,"Mars Area School District, Pennsylvania",19064,261,787,296,4.1,1.6,4713,284,155,134,3.3,2.9,11469,354,386,155,3.4,1.4,2882,242,246,118,8.5,4.2
9700000US4214850,4214850,"Central Fulton School District, Pennsylvania",6363,236,904,162,14.2,2.4,1468,120,302,82,20.6,5.1,3826,143,504,98,13.2,2.4,1069,71,98,32,9.2,2.9
9700000US4214880,4214880,"McGuffey School District, Pennsylvania",12798,317,1029,195,8.0,1.5,2618,236,298,101,11.4,3.9,8112,262,621,129,7.7,1.6,2068,145,110,44,5.3,2.1
9700000US4214940,4214940,"McKeesport Area School District, Pennsylvania",30378,335,6421,606,21.1,2.0,5810,411,1966,360,33.8,5.8,18966,414,3897,390,20.5,2.0,5602,258,558,131,10.0,2.4
9700000US4215030,4215030,"Mechanicsburg Area School District, Pennsylvania",26283,372,1414,322,5.4,1.2,5548,314,497,197,9.0,3.5,16017,357,838,182,5.2,1.1,4718,260,79,49,1.7,1.1
9700000US4215120,4215120,"Mercer Area School District, Pennsylvania",8870,342,760,168,8.6,1.8,1688,156,179,71,10.6,4.0,5505,234,441,114,8.0,2.0,1677,98,140,48,8.3,2.8
9700000US4215150,4215150,"Meyersdale Area School District, Pennsylvania",7147,271,970,184,13.6,2.6,1494,130,258,75,17.3,5.2,4411,184,553,120,12.5,2.7,1242,102,159,36,12.8,2.8
9700000US4215170,4215170,"Mid Valley School District, Pennsylvania",15300,24,1860,442,12.2,2.9,2886,251,599,260,20.8,8.4,9488,286,953,253,10.0,2.7,2926,242,308,92,10.5,3.0
9700000US4215210,4215210,"Midd-West School District, Pennsylvania",16839,500,2295,349,13.6,2.0,3854,319,882,210,22.9,4.8,10403,281,1208,187,11.6,1.8,2582,148,205,52,7.9,1.9
9700000US4215240,4215240,"Middletown Area School District, Pennsylvania",17260,261,2210,547,12.8,3.1,3625,270,769,297,21.2,8.4,11151,307,1344,314,12.1,2.7,2484,177,97,54,3.9,2.2
9700000US4215270,4215270,"Midland Borough School District, Pennsylvania",2611,23,725,231,27.8,8.8,657,114,223,136,33.9,16.8,1318,130,370,125,28.1,9.5,636,121,132,74,20.8,10.9
9700000US4215290,4215290,"Mifflin County School District, Pennsylvania",42939,206,6611,778,15.4,1.8,9908,131,2482,436,25.1,4.3,25163,148,3356,420,13.3,1.7,7868,148,773,193,9.8,2.4
9700000US4215330,4215330,"Millcreek Township School District, Pennsylvania",53048,241,5515,839,10.4,1.6,11868,476,1847,498,15.6,4.0,32175,497,3075,462,9.6,1.4,9005,383,593,144,6.6,1.5
9700000US4215360,4215360,"Millersburg Area School District, Pennsylvania",6511,138,517,192,7.9,2.9,1259,193,127,126,10.1,9.9,3804,220,300,101,7.9,2.8,1448,177,90,49,6.2,3.4
9700000US4215450,4215450,"Millville Area School District, Pennsylvania",5347,212,604,163,11.3,2.9,1069,108,216,93,20.2,8.0,3244,149,290,76,8.9,2.3,1034,71,98,43,9.5,4.1
9700000US4215480,4215480,"Milton Area School District, Pennsylvania",16663,258,2476,433,14.9,2.6,3577,282,1051,219,29.4,6.7,10237,301,1181,247,11.5,2.5,2849,279,244,111,8.6,3.8
9700000US4215510,4215510,"Minersville Area School District, Pennsylvania",8749,238,1042,338,11.9,3.8,1745,148,279,156,16.0,8.6,5439,233,658,216,12.1,3.9,1565,105,105,47,6.7,3.0
9700000US4215540,4215540,"Mohawk Area School District, Pennsylvania",10682,265,1105,298,10.3,2.8,2234,160,293,133,13.1,5.8,6650,232,662,174,10.0,2.6,1798,188,150,71,8.3,3.8
9700000US4215600,4215600,"Monessen City School District, Pennsylvania",7530,84,1593,324,21.2,4.2,1338,170,533,183,39.8,11.3,4406,184,907,206,20.6,4.5,1786,177,153,75,8.6,3.9
9700000US4215660,4215660,"Montgomery Area School District, Pennsylvania",6246,308,905,261,14.5,4.0,1527,135,355,147,23.2,8.9,3845,198,488,125,12.7,3.1,874,100,62,30,7.1,3.2
9700000US4215720,4215720,"Montour School District, Pennsylvania",25487,114,1719,424,6.7,1.7,4661,206,423,202,9.1,4.2,16383,231,988,247,6.0,1.5,4443,196,308,132,6.9,2.9
9700000US4215750,4215750,"Montoursville Area School District, Pennsylvania",13180,244,1040,290,7.9,2.3,2618,203,348,195,13.3,7.1,8146,211,575,154,7.1,1.9,2416,175,117,52,4.8,2.2
9700000US4215810,4215810,"Montrose Area School District, Pennsylvania",11678,357,1304,217,11.2,1.8,2220,212,389,115,17.5,5.1,7249,270,811,129,11.2,1.8,2209,138,104,30,4.7,1.3
9700000US4215830,4215830,"Moon Area School District, Pennsylvania",26115,245,2492,551,9.5,2.1,5301,291,452,253,8.5,4.5,17000,328,1655,377,9.7,2.2,3814,278,385,128,10.1,3.1
9700000US4215900,4215900,"Morrisville Borough School District, Pennsylvania",8677,92,623,212,7.2,2.4,2042,309,82,89,4.0,4.3,5682,330,467,211,8.2,3.5,953,119,74,41,7.8,4.3
9700000US4215960,4215960,"Moshannon Valley School District, Pennsylvania",6461,346,1001,195,15.5,2.7,1193,143,326,95,27.3,7.0,4040,220,546,116,13.5,2.7,1228,97,129,42,10.5,3.2
9700000US4215990,4215990,"Mount Carmel Area School District, Pennsylvania",12409,155,1968,449,15.9,3.6,2315,212,634,260,27.4,9.8,7587,240,1009,226,13.3,3.1,2507,202,325,98,13.0,3.9
9700000US4216020,4216020,"Mount Union Area School District, Pennsylvania",9933,459,1736,348,17.5,3.4,2424,262,604,173,24.9,6.9,5625,277,953,197,16.9,3.4,1884,149,179,56,9.5,2.8
9700000US4216050,4216050,"Mountain View School District, Pennsylvania",8498,421,941,182,11.1,2.1,1560,217,259,95,16.6,5.7,5334,271,567,110,10.6,2.1,1604,144,115,44,7.2,2.7
9700000US4216110,4216110,"Mt. Lebanon School District, Pennsylvania",32592,124,1896,420,5.8,1.3,7880,395,539,260,6.8,3.2,18652,346,990,217,5.3,1.2,6060,307,367,137,6.1,2.2
9700000US4216170,4216170,"Mount Pleasant Area School District, Pennsylvania",17634,300,1942,382,11.0,2.1,2985,277,675,233,22.6,6.7,11091,347,1022,195,9.2,1.8,3558,251,245,88,6.9,2.5
9700000US4216200,4216200,"Muhlenberg School District, Pennsylvania",23287,156,1927,363,8.3,1.6,4715,268,525,228,11.1,4.6,14285,322,1084,202,7.6,1.4,4287,271,318,132,7.4,3.0
9700000US4216230,4216230,"Muncy School District, Pennsylvania",6973,316,483,195,6.9,2.8,1473,194,115,86,7.8,5.7,4219,244,267,117,6.3,2.8,1281,129,101,60,7.9,4.3
9700000US4216290,4216290,"Greater Nanticoke Area School District, Pennsylvania",17620,366,3732,654,21.2,3.7,3454,263,1442,371,41.7,8.9,10640,376,1907,330,17.9,3.2,3526,224,383,112,10.9,3.1
9700000US4216380,4216380,"Nazareth Area School District, Pennsylvania",27110,174,1303,332,4.8,1.2,6204,289,274,146,4.4,2.3,16826,364,815,226,4.8,1.3,4080,298,214,85,5.2,2.1
9700000US4216410,4216410,"Neshaminy School District, Pennsylvania",69146,313,3316,596,4.8,0.9,14656,568,799,293,5.5,2.0,44076,588,1895,392,4.3,0.9,10414,421,622,223,6.0,2.1
9700000US4216440,4216440,"Neshannock Township School District, Pennsylvania",9492,48,720,272,7.6,2.9,1707,138,258,155,15.1,9.0,5335,178,260,115,4.9,2.2,2450,190,202,97,8.2,3.8
9700000US4216500,4216500,"Woodland Hills School District, Pennsylvania",46769,530,8306,900,17.8,1.9,8828,510,2714,480,30.7,4.9,29485,556,4845,492,16.4,1.6,8456,388,747,167,8.8,1.9
9700000US4216530,4216530,"New Brighton Area School District, Pennsylvania",10746,173,1932,464,18.0,4.3,2378,244,653,262,27.5,9.6,6551,295,1109,294,16.9,4.3,1817,197,170,53,9.4,2.8
9700000US4216620,4216620,"New Castle Area School District, Pennsylvania",23274,258,5975,608,25.7,2.6,5462,287,2176,376,39.8,6.1,13815,306,3301,318,23.9,2.3,3997,217,498,108,12.5,2.8
9700000US4216740,4216740,"New Kensington-Arnold School District, Pennsylvania",17952,98,4725,555,26.3,3.1,3944,327,1964,365,49.8,6.7,10864,306,2427,292,22.3,2.8,3144,246,334,93,10.6,2.8
9700000US4216860,4216860,"New Hope-Solebury School District, Pennsylvania",11180,37,349,146,3.1,1.3,2157,174,30,48,1.4,2.2,7253,278,284,116,3.9,1.6,1770,251,35,43,2.0,2.5
9700000US4216890,4216890,"Newport School District, Pennsylvania",7446,275,1208,209,16.2,2.7,1676,146,458,123,27.3,6.5,4702,172,640,114,13.6,2.3,1068,68,110,35,10.3,3.2
9700000US4216980,4216980,"Norristown Area School District, Pennsylvania",62976,204,7495,883,11.9,1.4,12812,512,2386,481,18.6,3.4,41283,575,4411,561,10.7,1.4,8881,439,698,212,7.9,2.3
9700000US4217010,4217010,"North Allegheny School District, Pennsylvania",49832,240,1619,326,3.2,0.7,12159,344,266,122,2.2,1.0,30446,414,903,219,3.0,0.7,7227,346,450,135,6.2,1.9
9700000US4217100,4217100,"Moniteau School District, Pennsylvania",9390,235,964,184,10.3,1.9,1926,137,300,112,15.6,5.7,6136,194,554,105,9.0,1.7,1328,92,110,35,8.3,2.5
9700000US4217130,4217130,"North Clarion County School District, Pennsylvania",4843,307,732,285,15.1,5.3,1109,195,290,194,26.1,14.3,2944,191,310,109,10.5,3.4,790,112,132,73,16.7,8.0
9700000US4217160,4217160,"North East School District, Pennsylvania",10326,76,1801,420,17.4,4.0,2694,203,812,258,30.1,9.3,6036,237,847,210,14.0,3.5,1596,158,142,72,8.9,4.3
9700000US4217220,4217220,"North Hills School District, Pennsylvania",37359,159,2561,479,6.9,1.3,6427,270,395,187,6.1,2.8,23834,374,1512,341,6.3,1.4,7098,331,654,171,9.2,2.4
9700000US4217280,4217280,"North Penn School District, Pennsylvania",97888,216,4351,565,4.4,0.6,21055,547,866,193,4.1,0.9,62675,620,2709,403,4.3,0.6,14158,509,776,187,5.5,1.3
9700000US4217310,4217310,"North Pocono School District, Pennsylvania",20463,519,1506,282,7.4,1.3,4378,285,459,143,10.5,3.1,12938,436,870,173,6.7,1.3,3147,269,177,71,5.6,2.2
9700000US4217370,4217370,"Northampton Area School District, Pennsylvania",41544,207,2471,448,5.9,1.1,8768,336,663,257,7.6,2.8,25847,381,1386,273,5.4,1.1,6929,344,422,127,6.1,1.8
9700000US4217430,4217430,"Riverside Beaver County School District, Pennsylvania",10473,154,805,278,7.7,2.6,2133,163,229,162,10.7,7.4,6481,219,391,143,6.0,2.2,1859,169,185,96,10.0,5.4
9700000US4217460,4217460,"Northeast Bradford School District, Pennsylvania",5582,334,795,212,14.2,3.6,1422,192,307,129,21.6,7.8,3226,189,390,93,12.1,2.8,934,90,98,32,10.5,3.2
9700000US4217520,4217520,"Northeastern York School District, Pennsylvania",23281,466,1673,456,7.2,2.0,5688,384,531,217,9.3,3.8,14654,356,1039,274,7.1,1.9,2939,234,103,57,3.5,1.9
9700000US4217580,4217580,"Northern Bedford County School District, Pennsylvania",6933,267,887,140,12.8,2.0,1778,135,335,88,18.8,4.4,4207,183,474,69,11.3,1.7,948,84,78,29,8.2,3.0
9700000US4217610,4217610,"Northern Cambria School District, Pennsylvania",7735,188,1111,220,14.4,2.8,1652,144,294,97,17.8,5.4,4731,200,729,177,15.4,3.7,1352,148,88,56,6.5,4.1
9700000US4217640,4217640,"Northern Lebanon School District, Pennsylvania",17007,208,1336,397,7.9,2.3,3861,198,445,204,11.5,5.0,10780,217,738,227,6.8,2.1,2366,191,153,68,6.5,2.9
9700000US4217670,4217670,"Northern Lehigh School District, Pennsylvania",12848,171,1314,355,10.2,2.8,2602,196,445,187,17.1,6.5,8295,245,751,213,9.1,2.6,1951,185,118,62,6.0,3.1
9700000US4217700,4217700,"Northern Potter School District, Pennsylvania",4537,206,720,147,15.9,3.1,1088,100,244,92,22.4,7.6,2656,145,399,75,15.0,2.7,793,76,77,22,9.7,2.8
9700000US4217730,4217730,"Northern Tioga School District, Pennsylvania",14138,1053,2296,306,16.2,1.8,2873,248,740,139,25.8,4.1,8604,696,1311,198,15.2,1.8,2661,234,245,51,9.2,1.8
9700000US4217760,4217760,"Northern York County School District, Pennsylvania",21287,157,1068,341,5.0,1.6,4682,289,330,149,7.0,3.1,13741,348,591,215,4.3,1.6,2864,269,147,74,5.1,2.5
9700000US4217770,4217770,"Northgate School District, Pennsylvania",12996,46,1806,308,13.9,2.4,2167,194,369,144,17.0,6.3,8756,197,1197,211,13.7,2.4,2073,148,240,96,11.6,4.4
9700000US4217790,4217790,"Northwest Area School District, Pennsylvania",9082,316,918,227,10.1,2.4,1961,183,298,119,15.2,5.4,5549,219,501,118,9.0,2.1,1572,91,119,44,7.6,2.7
9700000US4217850,4217850,"Northwestern Lehigh School District, Pennsylvania",14903,144,793,259,5.3,1.7,3363,154,139,114,4.1,3.4,9642,170,569,191,5.9,2.0,1898,128,85,50,4.5,2.6
9700000US4217880,4217880,"Northwestern School District, Pennsylvania",9812,315,1332,265,13.6,2.6,2107,168,441,141,20.9,6.2,6203,247,777,151,12.5,2.4,1502,127,114,48,7.6,3.0
9700000US4217940,4217940,"Norwin School District, Pennsylvania",35363,275,1393,297,3.9,0.8,7555,351,295,130,3.9,1.7,21333,366,821,200,3.8,0.9,6475,291,277,93,4.3,1.5
9700000US4218030,4218030,"Octorara Area School District, Pennsylvania",17443,331,1546,322,8.9,1.8,4727,226,636,188,13.5,3.9,10422,275,776,166,7.4,1.6,2294,169,134,60,5.8,2.6
9700000US4218090,4218090,"Oil City Area School District, Pennsylvania",14532,264,3119,465,21.5,3.2,3352,240,1265,302,37.7,8.0,8823,227,1581,235,17.9,2.6,2357,157,273,90,11.6,3.7
9700000US4218120,4218120,"Old Forge School District, Pennsylvania",8266,34,820,206,9.9,2.5,1542,186,196,116,12.7,7.3,5100,218,471,147,9.2,2.9,1624,193,153,83,9.4,5.2
9700000US4218150,4218150,"Oley Valley School District, Pennsylvania",13231,285,724,301,5.5,2.2,2704,327,121,83,4.5,3.0,8541,357,518,233,6.1,2.7,1986,225,85,79,4.3,4.0
9700000US4218210,4218210,"Oswayo Valley School District, Pennsylvania",3119,248,574,190,18.4,5.3,681,130,217,101,31.9,11.7,1764,150,299,96,17.0,4.7,674,75,58,23,8.6,3.4
9700000US4218240,4218240,"Otto-Eldred School District, Pennsylvania",4065,248,519,121,12.8,3.1,884,122,143,54,16.2,6.4,2437,164,323,74,13.3,3.2,744,75,53,24,7.1,3.0
9700000US4218270,4218270,"Owen J. Roberts School District, Pennsylvania",32330,330,1436,387,4.4,1.2,8068,355,343,135,4.3,1.7,19825,463,982,308,5.0,1.5,4437,240,111,52,2.5,1.2
9700000US4218300,4218300,"Oxford Area School District, Pennsylvania",23929,510,2804,687,11.7,2.9,7872,371,1419,455,18.0,5.7,13657,389,1161,277,8.5,2.1,2400,211,224,88,9.3,3.5
9700000US4218330,4218330,"Palisades School District, Pennsylvania",14840,141,1153,362,7.8,2.4,2560,229,387,172,15.1,7.0,9406,271,680,207,7.2,2.2,2874,252,86,62,3.0,2.1
9700000US4218360,4218360,"Palmerton Area School District, Pennsylvania",13973,212,1193,386,8.5,2.8,2522,259,417,245,16.5,9.7,8849,333,708,207,8.0,2.3,2602,241,68,44,2.6,1.7
9700000US4218390,4218390,"Palmyra Area School District, Pennsylvania",22324,102,922,324,4.1,1.5,4779,269,236,143,4.9,3.0,13225,306,515,195,3.9,1.5,4320,265,171,73,4.0,1.7
9700000US4218450,4218450,"Panther Valley School District, Pennsylvania",12351,252,2653,456,21.5,3.7,2659,252,934,270,35.1,8.7,7386,267,1547,238,20.9,3.3,2306,159,172,70,7.5,3.2
9700000US4218510,4218510,"Parkland School District, Pennsylvania",55157,245,2687,590,4.9,1.1,12527,441,786,340,6.3,2.6,33675,434,1438,304,4.3,0.9,8955,373,463,152,5.2,1.7
9700000US4218570,4218570,"Pen Argyl Area School District, Pennsylvania",12397,41,1002,292,8.1,2.4,2635,171,275,151,10.4,5.5,7664,191,653,198,8.5,2.5,2098,147,74,43,3.5,2.0
9700000US4218580,4218580,"Penn-Delco School District, Pennsylvania",26211,221,1512,347,5.8,1.3,5690,312,309,150,5.4,2.6,16025,370,824,258,5.1,1.6,4496,240,379,142,8.4,3.2
9700000US4218590,4218590,"Penn Hills School District, Pennsylvania",42110,208,4455,671,10.6,1.6,8042,405,1473,366,18.3,4.2,25949,460,2471,433,9.5,1.6,8119,332,511,146,6.3,1.8
9700000US4218630,4218630,"Penn Manor School District, Pennsylvania",38857,377,3351,588,8.6,1.5,7823,326,793,252,10.1,3.3,25152,520,2277,412,9.1,1.6,5882,295,281,107,4.8,1.9
9700000US4218660,4218660,"Penn-Trafford School District, Pennsylvania",25521,400,1551,456,6.1,1.8,5369,311,391,187,7.3,3.4,16128,443,934,373,5.8,2.3,4024,268,226,105,5.6,2.6
9700000US4218740,4218740,"Penncrest School District, Pennsylvania",23149,471,2863,320,12.4,1.3,5396,258,1026,188,19.0,3.2,14190,326,1544,158,10.9,1.1,3563,156,293,67,8.2,1.8
9700000US4218750,4218750,"Pennridge School District, Pennsylvania",48553,314,2601,476,5.4,1.0,11004,380,698,240,6.3,2.2,30847,432,1595,287,5.2,0.9,6702,353,308,114,4.6,1.7
9700000US4218780,4218780,"Penns Manor Area School District, Pennsylvania",5733,257,839,208,14.6,3.4,1049,98,182,68,17.3,6.0,3689,230,562,162,15.2,4.1,995,131,95,43,9.5,4.4
9700000US4218810,4218810,"Penns Valley Area School District, Pennsylvania",12623,392,1674,456,13.3,3.6,3072,295,779,284,25.4,8.1,7396,281,781,189,10.6,2.7,2155,173,114,47,5.3,2.2
9700000US4218840,4218840,"Pennsbury School District, Pennsylvania",70750,252,3388,560,4.8,0.8,16646,471,743,209,4.5,1.3,44602,537,2385,424,5.3,0.9,9502,351,260,100,2.7,1.1
9700000US4218900,4218900,"Pequea Valley School District, Pennsylvania",21516,67,1715,445,8.0,2.1,7301,359,610,219,8.4,3.0,11625,300,763,250,6.6,2.1,2590,220,342,133,13.2,5.0
9700000US4218930,4218930,"Perkiomen Valley School District, Pennsylvania",32931,542,1500,506,4.6,1.5,9105,340,548,272,6.0,3.0,20152,455,863,274,4.3,1.3,3674,265,89,67,2.4,1.8
9700000US4218960,4218960,"Peters Township School District, Pennsylvania",21107,172,664,274,3.1,1.3,6082,301,224,136,3.7,2.2,12147,323,370,151,3.0,1.2,2878,272,70,55,2.4,2.0
9700000US4218990,4218990,"Philadelphia City School District, Pennsylvania",1494160,2033,395789,7354,26.5,0.5,340022,580,123430,3483,36.3,1.0,973131,1879,241051,4913,24.8,0.5,181007,501,31308,1018,17.3,0.6
9700000US4219020,4219020,"Philipsburg-Osceola Area School District, Pennsylvania",14494,411,2236,335,15.4,2.3,2757,238,830,196,30.1,6.1,9085,349,1203,183,13.2,2.2,2652,251,203,92,7.7,3.4
9700000US4219050,4219050,"Phoenixville Area School District, Pennsylvania",31723,104,1945,494,6.1,1.6,7021,410,407,258,5.8,3.7,20420,406,1147,279,5.6,1.4,4282,281,391,165,9.1,3.9
9700000US4219140,4219140,"Pine Grove Area School District, Pennsylvania",11668,270,1024,221,8.8,1.9,2474,169,306,106,12.4,4.1,7145,226,573,130,8.0,1.8,2049,164,145,60,7.1,2.7
9700000US4219170,4219170,"Pittsburgh School District, Pennsylvania",286337,1364,65075,2085,22.7,0.7,50236,1004,15914,1027,31.7,1.8,194846,1563,43629,1592,22.4,0.8,41255,767,5532,488,13.4,1.2
9700000US4219200,4219200,"Pittston Area School District, Pennsylvania",27605,184,3491,545,12.6,2.0,5273,340,1061,325,20.1,5.7,16717,354,1913,334,11.4,2.0,5615,339,517,162,9.2,2.8
9700000US4219290,4219290,"Pleasant Valley School District, Pennsylvania",33354,258,2781,663,8.3,2.0,7474,590,514,206,6.9,2.7,21044,581,1900,502,9.0,2.3,4836,485,367,179,7.6,3.7
9700000US4219350,4219350,"Plum Borough School District, Pennsylvania",27145,45,1279,432,4.7,1.6,5954,265,376,258,6.3,4.2,16222,327,629,204,3.9,1.3,4969,286,274,95,5.5,1.9
9700000US4219470,4219470,"Colonial School District, Pennsylvania",41398,149,2015,351,4.9,0.8,8858,437,404,151,4.6,1.7,26253,439,1297,246,4.9,0.9,6287,288,314,117,5.0,1.8
9700000US4219500,4219500,"Pocono Mountain School District, Pennsylvania",63860,222,8146,1487,12.8,2.3,15575,829,2924,694,18.8,4.3,40205,737,4855,957,12.1,2.4,8080,568,367,162,4.5,2.0
9700000US4219530,4219530,"Port Allegany School District, Pennsylvania",5805,262,1047,177,18.0,2.9,1273,116,349,98,27.4,6.9,3470,168,616,104,17.8,2.8,1062,88,82,32,7.7,2.8
9700000US4219560,4219560,"Portage Area School District, Pennsylvania",6293,77,977,198,15.5,3.1,1347,134,272,87,20.2,6.4,3807,120,585,127,15.4,3.3,1139,101,120,66,10.5,5.5
9700000US4219650,4219650,"Pottsgrove School District, Pennsylvania",21127,140,1660,411,7.9,1.9,5262,249,664,208,12.6,4.1,13417,246,830,222,6.2,1.6,2448,164,166,87,6.8,3.4
9700000US4219680,4219680,"Pottstown School District, Pennsylvania",22197,105,4426,581,19.9,2.6,5237,337,1590,380,30.4,6.7,13892,367,2531,304,18.2,2.2,3068,236,305,120,9.9,3.9
9700000US4219710,4219710,"Pottsville Area School District, Pennsylvania",19144,347,3132,512,16.4,2.6,4233,355,923,274,21.8,5.8,11533,284,1874,350,16.2,2.9,3378,264,335,130,9.9,3.8
9700000US4219800,4219800,"Punxsutawney Area School District, Pennsylvania",20743,448,3394,449,16.4,2.1,4586,239,1150,255,25.1,5.1,12804,341,1892,269,14.8,2.1,3353,151,352,85,10.5,2.5
9700000US4219830,4219830,"Purchase Line School District, Pennsylvania",7062,216,873,247,12.4,3.4,1288,164,255,126,19.8,8.9,4560,236,523,139,11.5,2.9,1214,191,95,44,7.8,3.7
9700000US4219860,4219860,"Quaker Valley School District, Pennsylvania",13604,261,608,126,4.5,0.9,3083,181,132,67,4.3,2.1,7646,217,350,89,4.6,1.1,2875,137,126,42,4.4,1.5
9700000US4219890,4219890,"Quakertown Community School District, Pennsylvania",35887,339,2717,562,7.6,1.6,8509,363,843,325,9.9,3.7,22501,367,1466,293,6.5,1.3,4877,274,408,137,8.4,2.7
9700000US4219920,4219920,"Radnor Township School District, Pennsylvania",24574,659,1367,336,5.6,1.3,6033,306,140,107,2.3,1.8,14800,560,1019,224,6.9,1.5,3741,311,208,126,5.6,3.2
9700000US4220040,4220040,"Reading School District, Pennsylvania",85564,416,33151,1802,38.7,2.1,26323,576,14299,1039,54.3,3.6,51185,549,17366,1018,33.9,2.0,8056,380,1486,244,18.4,3.0
9700000US4220100,4220100,"Red Lion Area School District, Pennsylvania",38332,258,3608,699,9.4,1.8,8980,446,1225,353,13.6,3.8,23952,593,1958,394,8.2,1.7,5400,331,425,161,7.9,2.8
9700000US4220130,4220130,"Redbank Valley School District, Pennsylvania",8195,366,1136,242,13.9,2.7,1777,187,398,153,22.4,7.2,4864,215,590,115,12.1,2.1,1554,117,148,38,9.5,2.3
9700000US4220220,4220220,"Reynolds School District, Pennsylvania",9219,349,1206,384,13.1,4.0,1621,232,274,149,16.9,9.0,5520,310,797,267,14.4,4.5,2078,195,135,85,6.5,4.1
9700000US4220250,4220250,"Richland School District, Pennsylvania",12857,387,1442,319,11.2,2.5,2363,217,450,196,19.0,7.8,7574,352,776,197,10.2,2.5,2920,225,216,87,7.4,3.0
9700000US4220310,4220310,"Ridgway Area School District, Pennsylvania",6714,181,816,201,12.2,3.0,1398,126,297,113,21.2,7.8,4176,175,463,118,11.1,2.9,1140,109,56,30,4.9,2.6
9700000US4220370,4220370,"Ridley School District, Pennsylvania",40251,212,3951,568,9.8,1.4,8591,359,1065,311,12.4,3.6,25908,430,2342,355,9.0,1.4,5752,269,544,187,9.5,3.2
9700000US4220400,4220400,"Ringgold School District, Pennsylvania",25937,202,3774,478,14.6,1.8,4982,265,956,253,19.2,4.8,16061,324,2293,340,14.3,2.1,4894,288,525,134,10.7,2.7
9700000US4220430,4220430,"Riverview School District, Pennsylvania",8395,201,698,199,8.3,2.3,1524,140,197,105,12.9,6.5,5141,199,363,112,7.1,2.2,1730,155,138,58,8.0,3.3
9700000US4220460,4220460,"Rochester Area School District, Pennsylvania",6900,139,1012,218,14.7,3.2,1304,205,227,97,17.4,7.0,4455,188,680,160,15.3,3.4,1141,141,105,53,9.2,4.3
9700000US4220520,4220520,"Rockwood Area School District, Pennsylvania",5746,251,649,123,11.3,2.1,1163,153,186,67,16.0,6.0,3551,139,345,75,9.7,2.0,1032,69,118,27,11.4,2.6
9700000US4220550,4220550,"Rose Tree Media School District, Pennsylvania",33812,166,1436,352,4.2,1.0,6838,285,223,121,3.3,1.8,20739,300,957,252,4.6,1.2,6235,313,256,90,4.1,1.5
9700000US4220580,4220580,"South Fayette Township School District, Pennsylvania",14347,134,784,305,5.5,2.1,3553,259,187,106,5.3,3.0,8798,283,495,213,5.6,2.4,1996,185,102,62,5.1,3.2
9700000US4220640,4220640,"St. Marys Area School District, Pennsylvania",18714,209,1710,387,9.1,2.1,3768,196,668,242,17.7,6.5,11295,192,815,194,7.2,1.7,3651,166,227,96,6.2,2.6
9700000US4220730,4220730,"Salisbury Township School District, Pennsylvania",13266,155,572,248,4.3,1.9,2479,280,137,133,5.5,5.2,8309,250,335,122,4.0,1.5,2478,168,100,59,4.0,2.3
9700000US4220760,4220760,"Salisbury-Elk Lick School District, Pennsylvania",2947,178,470,136,15.9,4.4,720,95,183,78,25.4,10.3,1682,105,222,67,13.2,3.9,545,53,65,30,11.9,5.4
9700000US4220850,4220850,"Sayre Area School District, Pennsylvania",7971,249,599,220,7.5,2.7,1739,184,192,149,11.0,8.3,4890,241,388,108,7.9,2.2,1342,167,19,23,1.4,1.6
9700000US4220910,4220910,"Schuylkill Haven Area School District, Pennsylvania",8183,155,989,303,12.1,3.7,1900,200,341,177,17.9,9.0,4985,169,538,154,10.8,3.1,1298,108,110,59,8.5,4.6
9700000US4220970,4220970,"Schuylkill Valley School District, Pennsylvania",12762,588,859,310,6.7,2.3,2594,251,260,200,10.0,7.1,8255,406,524,152,6.3,1.8,1913,172,75,39,3.9,2.0
9700000US4221090,4221090,"Scranton School District, Pennsylvania",70641,470,14492,1222,20.5,1.7,14931,519,4558,602,30.5,3.8,43997,580,8559,792,19.5,1.7,11713,403,1375,189,11.7,1.5
9700000US4221120,4221120,"Selinsgrove Area School District, Pennsylvania",20485,557,2143,410,10.5,2.0,4787,339,694,213,14.5,4.5,12167,335,1162,216,9.6,1.7,3531,158,287,90,8.1,2.5
9700000US4221150,4221150,"Yough School District, Pennsylvania",16233,241,2032,418,12.5,2.6,2934,238,575,241,19.6,7.2,10513,339,1229,223,11.7,2.1,2786,214,228,76,8.2,2.5
9700000US4221180,4221180,"Shade-Central City School District, Pennsylvania",3755,142,464,144,12.4,3.8,674,85,113,54,16.8,7.3,2365,118,299,92,12.6,3.9,716,61,52,24,7.3,3.4
9700000US4221200,4221200,"Shaler Area School District, Pennsylvania",39210,71,2925,498,7.5,1.3,7387,322,598,205,8.1,2.7,24662,361,1782,322,7.2,1.3,7161,276,545,205,7.6,2.8
9700000US4221240,4221240,"Shamokin Area School District, Pennsylvania",17612,447,2808,372,15.9,2.0,3413,249,619,187,18.1,5.3,10701,339,1703,239,15.9,2.1,3498,221,486,139,13.9,3.8
9700000US4221270,4221270,"Shanksville-Stonycreek School District, Pennsylvania",2962,216,388,133,13.1,4.4,600,96,110,68,18.3,10.2,1782,113,219,92,12.3,5.0,580,94,59,29,10.2,5.1
9700000US4221330,4221330,"Sharon City School District, Pennsylvania",13731,106,3465,504,25.2,3.7,3364,230,1243,276,37.0,7.2,8162,207,1938,314,23.7,3.8,2205,149,284,96,12.9,4.2
9700000US4221420,4221420,"Sharpsville Area School District, Pennsylvania",7654,107,799,272,10.4,3.6,1727,145,245,128,14.2,7.2,4643,146,455,164,9.8,3.5,1284,99,99,42,7.7,3.1
9700000US4221490,4221490,"Shenandoah Valley School District, Pennsylvania",7620,121,1927,407,25.3,5.2,1502,189,613,203,40.8,11.5,4677,203,1080,238,23.1,5.1,1441,134,234,116,16.2,7.5
9700000US4221510,4221510,"Shenango Area School District, Pennsylvania",8115,131,910,321,11.2,4.0,1856,244,331,150,17.8,8.1,4696,228,487,189,10.4,4.1,1563,195,92,84,5.9,5.0
9700000US4221540,4221540,"Shikellamy School District, Pennsylvania",21806,298,3458,613,15.9,2.8,4411,285,1101,348,25.0,7.4,13555,333,2045,324,15.1,2.4,3840,204,312,98,8.1,2.5
9700000US4221570,4221570,"Shippensburg Area School District, Pennsylvania",25854,570,5635,1023,21.8,3.9,6211,367,1660,661,26.7,9.9,16813,622,3771,551,22.4,3.1,2830,295,204,95,7.2,3.1
9700000US4221660,4221660,"Slippery Rock Area School District, Pennsylvania",18121,496,3606,388,19.9,2.0,3041,193,423,127,13.9,3.9,12590,425,3002,351,23.8,2.5,2490,138,181,47,7.3,1.9
9700000US4221690,4221690,"Smethport Area School District, Pennsylvania",5556,210,679,154,12.2,2.7,1052,116,221,79,21.0,6.8,3431,182,397,89,11.6,2.5,1073,104,61,33,5.7,3.0
9700000US4221810,4221810,"Solanco School District, Pennsylvania",31929,242,3226,647,10.1,2.0,9561,454,1451,427,15.2,4.2,18036,348,1437,247,8.0,1.4,4332,258,338,90,7.8,2.1
9700000US4221840,4221840,"Somerset Area School District, Pennsylvania",17362,336,2605,466,15.0,2.7,3617,237,852,315,23.6,8.0,10657,315,1350,233,12.7,2.1,3088,193,403,99,13.1,3.2
9700000US4221870,4221870,"Souderton Area School District, Pennsylvania",45111,222,2004,375,4.4,0.8,10889,359,554,183,5.1,1.6,27431,353,1139,216,4.2,0.8,6791,319,311,112,4.6,1.7
9700000US4221910,4221910,"South Allegheny School District, Pennsylvania",11763,88,1286,256,10.9,2.2,2237,169,222,120,9.9,5.3,7402,170,918,173,12.4,2.4,2124,133,146,51,6.9,2.4
9700000US4221930,4221930,"South Butler County School District, Pennsylvania",18131,203,985,246,5.4,1.4,3726,192,226,120,6.1,3.3,10827,250,543,139,5.0,1.3,3578,231,216,82,6.0,2.3
9700000US4222050,4222050,"South Middleton School District, Pennsylvania",14678,70,488,212,3.3,1.4,3340,242,185,124,5.5,3.7,8461,265,221,102,2.6,1.2,2877,241,82,57,2.9,2.0
9700000US4222060,4222060,"South Park School District, Pennsylvania",13398,56,1077,404,8.0,3.0,2817,161,333,212,11.8,7.4,8693,203,557,204,6.4,2.4,1888,164,187,77,9.9,3.9
9700000US4222140,4222140,"South Williamsport Area School District, Pennsylvania",9255,137,1025,239,11.1,2.6,1850,147,170,81,9.2,4.3,5857,192,724,208,12.4,3.3,1548,131,131,66,8.5,4.0
9700000US4222170,4222170,"South Eastern School District, Pennsylvania",19369,414,1438,425,7.4,2.2,4554,277,546,250,12.0,5.2,12522,353,776,201,6.2,1.6,2293,182,116,43,5.1,1.9
9700000US4222200,4222200,"Southeastern Greene School District, Pennsylvania",4407,205,650,166,14.7,3.7,856,119,104,46,12.1,5.4,2780,158,433,110,15.6,3.9,771,82,113,53,14.7,6.8
9700000US4222230,4222230,"South Side Area School District, Pennsylvania",6871,178,643,180,9.4,2.6,1596,168,205,83,12.8,5.1,4336,167,386,116,8.9,2.6,939,92,52,47,5.5,5.1
9700000US4222260,4222260,"Southern Columbia Area School District, Pennsylvania",10291,230,925,203,9.0,1.9,1903,193,348,116,18.3,5.4,6237,275,466,103,7.5,1.7,2151,223,111,42,5.2,2.0
9700000US4222290,4222290,"Southern Fulton School District, Pennsylvania",5379,196,427,83,7.9,1.5,1191,97,113,46,9.5,3.8,3269,116,245,51,7.5,1.5,919,59,69,23,7.5,2.4
9700000US4222320,4222320,"Southern Huntingdon County School District, Pennsylvania",7449,338,846,137,11.4,1.8,1705,147,215,74,12.6,3.9,4481,222,510,96,11.4,2.1,1263,105,121,27,9.6,2.1
9700000US4222350,4222350,"Southern Lehigh School District, Pennsylvania",19964,220,789,306,4.0,1.5,4777,298,252,163,5.3,3.4,12216,337,480,179,3.9,1.5,2971,219,57,48,1.9,1.6
9700000US4222370,4222370,"Southern Tioga School District, Pennsylvania",14847,493,2622,455,17.7,3.0,3262,270,714,178,21.9,5.2,9152,292,1751,322,19.1,3.3,2433,155,157,50,6.5,2.0
9700000US4222380,4222380,"Southern York County School District, Pennsylvania",20455,229,730,245,3.6,1.2,4408,297,131,85,3.0,1.9,12405,323,431,154,3.5,1.2,3642,193,168,81,4.6,2.2
9700000US4222400,4222400,"Southeast Delco School District, Pennsylvania",30273,99,5029,865,16.6,2.9,7992,401,2035,476,25.5,5.6,18882,391,2673,468,14.2,2.5,3399,204,321,120,9.4,3.4
9700000US4222410,4222410,"Southmoreland School District, Pennsylvania",14996,260,1998,419,13.3,2.8,2866,230,535,220,18.7,7.0,9313,323,1149,212,12.3,2.4,2817,272,314,125,11.1,4.2
9700000US4222440,4222440,"Seneca Valley School District, Pennsylvania",47008,286,1853,328,3.9,0.7,11734,286,436,214,3.7,1.8,29593,366,1188,235,4.0,0.8,5681,278,229,91,4.0,1.6
9700000US4222470,4222470,"South Western School District, Pennsylvania",26718,75,1495,432,5.6,1.6,6128,369,397,235,6.5,3.7,16741,365,933,263,5.6,1.6,3849,184,165,74,4.3,1.9
9700000US4222530,4222530,"Spring Cove School District, Pennsylvania",13928,292,1339,355,9.6,2.5,2995,255,466,238,15.6,7.3,8171,284,616,155,7.5,1.9,2762,225,257,79,9.3,3.0
9700000US4222560,4222560,"Spring-Ford Area School District, Pennsylvania",47289,214,2073,439,4.4,0.9,12381,354,609,255,4.9,2.1,29546,386,1236,244,4.2,0.8,5362,288,228,104,4.3,1.9
9700000US4222590,4222590,"Spring Grove Area School District, Pennsylvania",27585,394,2013,506,7.3,1.8,6493,272,605,213,9.3,3.3,17496,374,1236,310,7.1,1.8,3596,200,172,60,4.8,1.7
9700000US4222600,4222600,"Springfield School District, Pennsylvania",26822,74,1213,311,4.5,1.2,5999,226,327,157,5.5,2.6,16341,243,576,151,3.5,0.9,4482,193,310,158,6.9,3.5
9700000US4222620,4222620,"Springfield Township School District, Pennsylvania",18519,237,1018,250,5.5,1.3,4162,187,126,79,3.0,1.9,11002,311,449,148,4.1,1.3,3355,220,443,159,13.2,4.4
9700000US4222710,4222710,"Saint Clair Area School District, Pennsylvania",6656,212,929,230,14.0,3.4,1190,118,248,96,20.8,7.5,4122,178,585,168,14.2,3.9,1344,117,96,37,7.1,2.7
9700000US4222740,4222740,"Tuscarora School District, Pennsylvania",18292,195,1393,514,7.6,2.8,4226,232,450,286,10.6,6.6,11156,328,785,265,7.0,2.4,2910,259,158,63,5.4,2.1
9700000US4222770,4222770,"State College Area School District, Pennsylvania",77856,682,21595,1151,27.7,1.4,11205,331,1319,306,11.8,2.7,58627,794,20049,1081,34.2,1.8,8024,364,227,83,2.8,1.0
9700000US4222790,4222790,"Steel Valley School District, Pennsylvania",16232,186,1994,463,12.3,2.9,3191,266,637,257,20.0,7.5,9828,267,1006,258,10.2,2.6,3213,256,351,137,10.9,3.9
9700000US4222800,4222800,"Steelton-Highspire School District, Pennsylvania",8308,283,1970,518,23.7,6.1,2444,213,838,354,34.3,13.1,4893,277,1017,217,20.8,4.6,971,137,115,69,11.8,6.4
9700000US4222830,4222830,"Sto-Rox School District, Pennsylvania",12364,66,3908,513,31.6,4.2,2859,259,1597,302,55.9,8.6,7641,265,2106,287,27.6,4.0,1864,171,205,76,11.0,4.1
9700000US4222860,4222860,"Stroudsburg Area School District, Pennsylvania",33655,266,4359,1022,13.0,3.0,7233,548,1209,471,16.7,6.2,21435,691,2841,692,13.3,3.2,4987,568,309,120,6.2,2.4
9700000US4222920,4222920,"Sullivan County School District, Pennsylvania",6256,116,870,120,13.9,1.9,957,3,171,58,17.9,6.0,3791,58,593,90,15.6,2.3,1508,70,106,32,7.0,2.1
9700000US4222980,4222980,"Susquehanna Community School District, Pennsylvania",5268,322,1081,189,20.5,3.5,1072,135,282,92,26.3,7.6,3288,226,719,131,21.9,3.8,908,102,80,40,8.8,4.2
9700000US4223010,4223010,"Susquehanna Township School District, Pennsylvania",24020,91,1101,291,4.6,1.2,4535,346,140,84,3.1,1.8,15368,373,768,215,5.0,1.4,4117,243,193,100,4.7,2.4
9700000US4223040,4223040,"Susquenita School District, Pennsylvania",14692,387,1001,232,6.8,1.5,2725,181,255,122,9.4,4.4,9893,305,655,140,6.6,1.4,2074,119,91,46,4.4,2.2
9700000US4223220,4223220,"Tamaqua Area School District, Pennsylvania",16504,246,2403,461,14.6,2.8,3173,289,668,230,21.1,6.9,9879,304,1373,283,13.9,2.8,3452,280,362,108,10.5,3.2
9700000US4223250,4223250,"Riverside School District, Pennsylvania",11825,87,1250,489,10.6,4.1,2248,246,362,207,16.1,9.4,7285,303,712,335,9.8,4.6,2292,222,176,101,7.7,4.0
9700000US4223490,4223490,"Titusville Area School District, Pennsylvania",14094,369,3170,407,22.5,2.8,3599,221,1330,271,37.0,6.4,8134,248,1568,214,19.3,2.5,2361,144,272,70,11.5,2.9
9700000US4223550,4223550,"Towanda Area School District, Pennsylvania",10873,382,1545,261,14.2,2.3,2330,188,514,151,22.1,5.7,6689,297,870,143,13.0,2.1,1854,161,161,55,8.7,2.9
9700000US4223640,4223640,"Tredyffrin-Easttown School District, Pennsylvania",39825,70,1844,561,4.6,1.4,10049,341,531,327,5.3,3.2,23336,368,953,243,4.1,1.1,6440,316,360,121,5.6,1.9
9700000US4223700,4223700,"Tri-Valley School District, Pennsylvania",6517,185,391,144,6.0,2.2,1202,163,100,53,8.3,4.4,4128,160,235,109,5.7,2.6,1187,97,56,40,4.7,3.4
9700000US4223760,4223760,"Trinity Area School District, Pennsylvania",25588,166,2141,398,8.4,1.6,4442,312,546,220,12.3,4.7,15734,386,1195,248,7.6,1.6,5412,274,400,124,7.4,2.3
9700000US4223790,4223790,"Troy Area School District, Pennsylvania",10357,457,1576,314,15.2,2.8,2345,238,516,164,22.0,6.2,6081,285,869,190,14.3,3.0,1931,140,191,53,9.9,2.7
9700000US4223820,4223820,"Tulpehocken Area School District, Pennsylvania",12124,257,1058,238,8.7,1.9,2873,237,353,158,12.3,5.2,7478,261,586,146,7.8,1.9,1773,175,119,59,6.7,3.2
9700000US4223850,4223850,"Tunkhannock Area School District, Pennsylvania",18633,364,2300,335,12.3,1.7,3965,172,839,187,21.2,4.5,11407,252,1229,183,10.8,1.6,3261,119,232,60,7.1,1.8
9700000US4223880,4223880,"Turkeyfoot Valley Area School District, Pennsylvania",2989,256,507,125,17.0,4.1,548,66,133,44,24.3,8.0,1714,150,311,91,18.1,4.9,727,120,63,24,8.7,3.4
9700000US4223970,4223970,"Tussey Mountain School District, Pennsylvania",7179,335,1191,212,16.6,2.9,1350,124,365,90,27.0,6.3,4180,240,641,123,15.3,2.8,1649,132,185,59,11.2,3.4
9700000US4224000,4224000,"Twin Valley School District, Pennsylvania",23636,213,1804,556,7.6,2.3,5912,296,753,391,12.7,6.4,14230,290,811,280,5.7,1.9,3494,211,240,107,6.9,3.1
9700000US4224030,4224030,"Tyrone Area School District, Pennsylvania",12506,279,1290,265,10.3,2.1,2653,228,394,129,14.9,4.8,7859,268,746,175,9.5,2.1,1994,185,150,62,7.5,3.1
9700000US4224060,4224060,"Union Area School District, Pennsylvania",5506,143,660,230,12.0,4.1,1075,156,187,105,17.4,9.0,3183,185,384,140,12.1,4.4,1248,119,89,55,7.1,4.3
9700000US4224090,4224090,"Union City Area School District, Pennsylvania",6675,231,839,241,12.6,3.7,1599,181,249,146,15.6,8.9,4033,181,465,131,11.5,3.3,1043,120,125,54,12.0,4.8
9700000US4224120,4224120,"Union School District, Pennsylvania",4223,253,737,159,17.5,3.3,925,149,236,77,25.5,7.0,2608,152,447,100,17.1,3.4,690,73,54,31,7.8,4.2
9700000US4224150,4224150,"Uniontown Area School District, Pennsylvania",22781,335,4752,600,20.9,2.7,4301,347,1436,332,33.4,6.6,14436,442,2770,394,19.2,2.7,4044,322,546,123,13.5,3.1
9700000US4224210,4224210,"Unionville-Chadds Ford School District, Pennsylvania",22156,435,457,174,2.1,0.8,5223,247,132,78,2.5,1.5,12773,357,244,89,1.9,0.7,4160,272,81,61,1.9,1.5
9700000US4224240,4224240,"United School District, Pennsylvania",7915,272,1042,257,13.2,3.1,1793,182,366,165,20.4,8.3,4714,208,588,152,12.5,3.0,1408,131,88,36,6.3,2.4
9700000US4224300,4224300,"Upper Adams School District, Pennsylvania",10735,408,1042,240,9.7,2.2,2395,243,322,114,13.4,4.4,6744,286,646,167,9.6,2.3,1596,138,74,50,4.6,3.1
9700000US4224320,4224320,"Upper Darby School District, Pennsylvania",90287,254,12037,1331,13.3,1.5,22303,687,4328,803,19.4,3.4,58358,671,6748,755,11.6,1.3,9626,344,961,182,10.0,1.9
9700000US4224360,4224360,"Upper Dauphin Area School District, Pennsylvania",9650,322,1223,263,12.7,2.6,2502,178,470,150,18.8,5.7,5610,219,639,131,11.4,2.3,1538,128,114,48,7.4,2.9
9700000US4224390,4224390,"Upper Dublin School District, Pennsylvania",25662,91,830,347,3.2,1.4,6458,190,284,158,4.4,2.4,15222,248,392,216,2.6,1.4,3982,234,154,71,3.9,1.7
9700000US4224480,4224480,"Upper Merion Area School District, Pennsylvania",34108,115,2766,572,8.1,1.7,6593,348,575,287,8.7,4.2,22369,355,1801,426,8.1,1.9,5146,280,390,107,7.6,2.0
9700000US4224510,4224510,"Upper Moreland Township School District, Pennsylvania",23774,158,1359,437,5.7,1.8,5331,358,486,257,9.1,4.6,14591,344,735,221,5.0,1.5,3852,273,138,56,3.6,1.4
9700000US4224540,4224540,"Upper Perkiomen School District, Pennsylvania",22210,166,1252,290,5.6,1.3,5282,289,375,178,7.1,3.3,13620,298,702,148,5.2,1.1,3308,219,175,62,5.3,1.9
9700000US4224570,4224570,"Upper Saint Clair School District, Pennsylvania",19183,56,500,185,2.6,1.0,5084,238,124,77,2.4,1.5,10977,268,271,98,2.5,0.9,3122,251,105,70,3.4,2.2
9700000US4224630,4224630,"Valley Grove School District, Pennsylvania",6550,159,1071,383,16.4,5.9,1385,169,455,232,32.9,14.4,4007,181,541,186,13.5,4.8,1158,106,75,57,6.5,4.9
9700000US4224650,4224650,"Valley View School District, Pennsylvania",17999,188,2185,546,12.1,3.0,3627,338,541,306,14.9,8.0,10652,319,1176,312,11.0,2.9,3720,349,468,186,12.6,4.8
9700000US4224750,4224750,"Wallenpaupack Area School District, Pennsylvania",24572,412,2233,407,9.1,1.6,4723,393,638,206,13.5,4.2,14077,477,1366,270,9.7,1.9,5772,410,229,74,4.0,1.3
9700000US4224790,4224790,"Wallingford-Swarthmore School District, Pennsylvania",19997,295,633,252,3.2,1.3,4610,297,79,69,1.7,1.5,11844,362,471,230,4.0,1.9,3543,265,83,62,2.3,1.7
9700000US4224820,4224820,"Warren County School District, Pennsylvania",37359,315,4611,546,12.3,1.5,7613,150,1348,317,17.7,4.1,22544,259,2617,280,11.6,1.2,7202,138,646,142,9.0,2.0
9700000US4224870,4224870,"Warrior Run School District, Pennsylvania",13992,810,1631,293,11.7,2.1,3304,279,552,162,16.7,4.7,8545,537,850,194,9.9,2.3,2143,247,229,94,10.7,4.3
9700000US4224960,4224960,"Warwick School District, Pennsylvania",30668,117,1485,455,4.8,1.5,7325,384,566,246,7.7,3.3,18625,404,837,268,4.5,1.4,4718,302,82,54,1.7,1.2
9700000US4224970,4224970,"Wayne Highlands School District, Pennsylvania",20849,405,2904,541,13.9,2.6,4136,265,889,268,21.5,6.3,12337,378,1558,259,12.6,2.1,4376,231,457,124,10.4,2.8
9700000US4224990,4224990,"Washington School District, Pennsylvania",14187,245,3137,418,22.1,3.0,2685,202,866,210,32.3,7.4,9258,294,2036,313,22.0,3.3,2244,153,235,77,10.5,3.4
9700000US4225080,4225080,"Wattsburg Area School District, Pennsylvania",10407,264,662,166,6.4,1.6,2179,185,230,107,10.6,4.9,6811,223,361,104,5.3,1.5,1417,102,71,33,5.0,2.3
9700000US4225110,4225110,"Waynesboro Area School District, Pennsylvania",31269,319,3184,524,10.2,1.7,6833,360,1083,266,15.8,3.7,19166,427,1748,330,9.1,1.7,5270,303,353,121,6.7,2.3
9700000US4225140,4225140,"Weatherly Area School District, Pennsylvania",4753,255,560,152,11.8,3.0,893,135,140,63,15.7,7.0,2867,169,325,105,11.3,3.4,993,116,95,43,9.6,4.2
9700000US4225170,4225170,"Wellsboro Area School District, Pennsylvania",11501,1281,1143,331,9.9,2.5,2274,338,236,118,10.4,5.8,6744,770,628,225,9.3,3.1,2483,343,279,94,11.2,3.8
9700000US4225200,4225200,"West Allegheny School District, Pennsylvania",20348,157,1489,497,7.3,2.4,4598,291,352,282,7.7,5.9,13301,320,997,345,7.5,2.6,2449,191,140,84,5.7,3.4
9700000US4225230,4225230,"West Branch Area School District, Pennsylvania",7429,193,1037,347,14.0,4.7,1561,195,413,195,26.5,10.6,4589,217,516,173,11.2,3.8,1279,164,108,61,8.4,4.8
9700000US4225290,4225290,"West Chester Area School District, Pennsylvania",103211,885,8507,820,8.2,0.8,21820,588,1057,293,4.8,1.3,67328,865,6857,660,10.2,0.9,14063,427,593,178,4.2,1.3
9700000US4225440,4225440,"West Greene School District, Pennsylvania",4981,247,815,168,16.4,3.2,1141,131,262,97,23.0,7.4,3107,162,484,87,15.6,2.6,733,76,69,34,9.4,4.5
9700000US4225590,4225590,"West Jefferson Hills School District, Pennsylvania",19692,209,1109,268,5.6,1.3,4133,261,241,108,5.8,2.5,11976,308,563,180,4.7,1.5,3583,231,305,117,8.5,3.4
9700000US4225650,4225650,"West Middlesex Area School District, Pennsylvania",7372,158,894,308,12.1,4.2,1881,252,382,227,20.3,11.4,4353,235,434,115,10.0,2.7,1138,147,78,38,6.9,3.1
9700000US4225680,4225680,"West Mifflin Area School District, Pennsylvania",21523,100,2760,517,12.8,2.4,4448,469,1025,368,23.0,6.7,12994,425,1446,250,11.1,1.9,4081,256,289,114,7.1,2.7
9700000US4225740,4225740,"West Perry School District, Pennsylvania",18525,347,1845,342,10.0,1.9,4787,219,746,181,15.6,3.8,11382,260,980,188,8.6,1.7,2356,120,119,39,5.1,1.7
9700000US4225830,4225830,"West Shore School District, Pennsylvania",58939,492,4365,614,7.4,1.0,12511,503,1134,294,9.1,2.3,37132,577,2619,412,7.1,1.1,9296,357,612,176,6.6,1.8
9700000US4225950,4225950,"Wyoming Valley West School District, Pennsylvania",41560,157,7330,797,17.6,1.9,7793,502,2562,496,32.9,5.4,26055,474,4008,461,15.4,1.8,7712,351,760,162,9.9,2.1
9700000US4225980,4225980,"West York Area School District, Pennsylvania",23287,182,1976,492,8.5,2.1,4873,253,584,240,12.0,4.7,14281,269,1184,285,8.3,2.0,4133,214,208,85,5.0,2.0
9700000US4226010,4226010,"Mifflinburg Area School District, Pennsylvania",16269,163,1802,292,11.1,1.8,4091,230,626,165,15.3,4.0,9627,308,1064,191,11.1,1.9,2551,209,112,54,4.4,2.2
9700000US4226040,4226040,"Western Beaver County School District, Pennsylvania",5454,112,435,159,8.0,2.9,1002,106,104,78,10.4,7.6,3529,115,283,96,8.0,2.7,923,87,48,42,5.2,4.5
9700000US4226070,4226070,"Western Wayne School District, Pennsylvania",15792,419,1441,301,9.1,1.9,3132,239,399,142,12.7,4.5,9678,402,926,196,9.6,2.0,2982,237,116,41,3.9,1.4
9700000US4226130,4226130,"Westmont Hilltop School District, Pennsylvania",12357,201,741,269,6.0,2.2,2421,218,269,171,11.1,7.1,7420,232,363,136,4.9,1.8,2516,171,109,63,4.3,2.5
9700000US4226250,4226250,"Whitehall-Coplay School District, Pennsylvania",29770,245,2538,451,8.5,1.5,5874,350,870,276,14.8,4.4,18474,413,1307,257,7.1,1.4,5422,302,361,132,6.7,2.3
9700000US4226300,4226300,"Wilkes-Barre Area School District, Pennsylvania",55933,473,12858,1087,23.0,1.9,11935,559,5003,689,41.9,4.9,34445,649,6831,605,19.8,1.7,9553,413,1024,169,10.7,1.7
9700000US4226370,4226370,"Wilkinsburg Borough School District, Pennsylvania",15758,70,3633,541,23.1,3.4,2966,345,1150,311,38.8,8.5,10363,304,2084,345,20.1,3.3,2429,198,399,143,16.4,5.6
9700000US4226390,4226390,"William Penn School District, Pennsylvania",41233,250,6741,947,16.3,2.3,10395,484,2539,530,24.4,4.7,26437,501,3823,540,14.5,2.0,4401,308,379,159,8.6,3.4
9700000US4226400,4226400,"Williams Valley School District, Pennsylvania",6860,295,851,171,12.4,2.4,1381,121,277,88,20.1,5.8,4188,190,477,88,11.4,2.1,1291,89,97,28,7.5,2.2
9700000US4226430,4226430,"Williamsburg Community School District, Pennsylvania",3807,223,592,138,15.6,3.2,915,105,228,77,24.9,7.4,2295,177,313,83,13.6,3.0,597,61,51,22,8.5,3.7
9700000US4226460,4226460,"Williamsport Area School District, Pennsylvania",39036,360,8493,859,21.8,2.1,8428,327,2538,427,30.1,4.7,25197,432,5436,547,21.6,2.1,5411,237,519,167,9.6,3.0
9700000US4226520,4226520,"Wilmington Area School District, Pennsylvania",10456,229,1257,313,12.0,2.9,2301,224,419,158,18.2,6.2,6355,247,686,167,10.8,2.6,1800,172,152,63,8.4,3.3
9700000US4226550,4226550,"Wilson Area School District, Pennsylvania",15258,208,1044,310,6.8,2.0,3308,265,246,122,7.4,3.6,9503,272,685,221,7.2,2.3,2447,198,113,52,4.6,2.1
9700000US4226580,4226580,"Wilson School District, Pennsylvania",37813,366,2378,453,6.3,1.2,8492,374,705,260,8.3,3.1,22718,450,1466,276,6.5,1.2,6603,358,207,105,3.1,1.6
9700000US4226610,4226610,"Windber Area School District, Pennsylvania",8442,295,891,195,10.6,2.3,1598,175,193,88,12.1,5.1,5122,273,502,124,9.8,2.5,1722,155,196,66,11.4,3.9
9700000US4226700,4226700,"Wyalusing Area School District, Pennsylvania",8912,387,1028,161,11.5,1.7,1875,177,338,82,18.0,4.1,5305,271,524,111,9.9,2.0,1732,133,166,48,9.6,2.6
9700000US4226730,4226730,"Wyoming Area School District, Pennsylvania",19060,276,2299,448,12.1,2.4,3191,304,822,325,25.8,8.7,12002,334,1195,232,10.0,1.9,3867,263,282,79,7.3,2.1
9700000US4226760,4226760,"Wyomissing Area School District, Pennsylvania",11908,291,551,232,4.6,1.9,2687,256,195,132,7.3,4.7,6729,272,256,110,3.8,1.6,2492,193,100,52,4.0,2.1
9700000US4226820,4226820,"York City School District, Pennsylvania",42794,247,15896,1128,37.1,2.6,11831,626,6052,667,51.2,4.6,26982,595,9166,700,34.0,2.6,3981,361,678,165,17.0,3.9
9700000US4226850,4226850,"York Suburban School District, Pennsylvania",19703,513,1000,251,5.1,1.3,4077,253,169,84,4.1,2.1,12090,407,785,187,6.5,1.5,3536,194,46,42,1.3,1.2
9700000US4299997,4299997,"School District Not Defined, Pennsylvania",0,10,0,10,-,**,0,10,0,10,-,**,0,10,0,10,-,**,0,10,0,10,-,**
